firstName,lastName,dateTime,emailAddress,gender,streetAddress
Norma,Facey,5/6/1981,nfacey0@shutterfly.com,Female,812 Express Avenue
Chickie,McCurlye,7/28/1931,cmccurlye1@goo.gl,Polygender,5 Elka Alley
Tabby,Crippen,12/29/1985,tcrippen2@jalbum.net,Polygender,52 Bunting Trail
Irita,Scarasbrick,9/26/2002,iscarasbrick3@weather.com,Genderqueer,14596 Eagan Pass
Ferdinanda,Henric,3/21/1932,fhenric4@msn.com,Agender,93535 Kipling Street
Anni,Cashin,3/11/2014,acashin5@mapquest.com,Female,17 Carberry Terrace
Aleda,Kleint,10/14/1976,akleint6@vimeo.com,Genderfluid,384 Sycamore Pass
Deane,Rawe,,drawe7@dot.gov,Bigender,7316 Declaration Place
Netty,Benyon,2/25/2001,nbenyon8@163.com,,14332 Blackbird Drive
Annabel,Guidelli,2/20/1920,aguidelli9@state.tx.us,,8399 Hovde Lane
Jessie,Rannigan,7/4/1963,jrannigana@google.it,Non-binary,11027 Vera Road
Kevyn,Reolfo,3/21/1972,kreolfob@archive.org,Male,10908 Hazelcrest Drive
Martica,Izkovici,7/8/1978,mizkovicic@theguardian.com,Female,3 Spohn Circle
Alvie,Rosenhaus,4/13/1994,arosenhausd@salon.com,Genderfluid,82 Graedel Trail
Cal,Farrears,4/19/1998,cfarrearse@oakley.com,Genderqueer,070 Harper Pass
Lalo,Arboin,5/18/1931,larboinf@google.com.hk,Non-binary,6 Carpenter Road
Jan,Cosbee,10/10/2013,jcosbeeg@ameblo.jp,,6 Mcbride Hill
Oswald,Jovic,10/11/1963,,Agender,23427 Lakewood Gardens Alley
Keane,Whear,,,Polygender,97803 Lindbergh Alley
Colas,Foli,5/18/1936,cfolij@com.com,Agender,7525 Center Plaza
Hadley,Richt,3/23/1964,hrichtk@studiopress.com,Non-binary,08 Clarendon Road
Dre,Woolhouse,9/18/1926,dwoolhousel@microsoft.com,Non-binary,32957 Hayes Street
Flinn,Gillum,8/30/1942,,Non-binary,020 Barby Trail
Celie,Greenhow,2/6/1942,cgreenhown@stanford.edu,Genderfluid,183 Huxley Way
Candra,Speers,12/4/1958,cspeerso@npr.org,Female,5262 Farmco Junction
Simona,McGettigan,8/26/1922,smcgettiganp@springer.com,Non-binary,9460 Shelley Center
Avivah,Schoolcroft,12/12/2008,aschoolcroftq@vimeo.com,Genderfluid,8318 School Parkway
Lilian,Blunsum,4/28/1929,lblunsumr@ameblo.jp,Agender,8 Esch Center
Bruce,Caldwall,4/9/1941,bcaldwalls@va.gov,Female,256 Independence Terrace
Sebastian,Gillivrie,1/7/1960,sgillivriet@statcounter.com,Polygender,86014 Myrtle Road
Chrissy,Dilrew,10/29/2020,cdilrewu@amazonaws.com,Genderqueer,0 Coolidge Junction
Michael,Heindl,9/5/1976,mheindlv@instagram.com,Female,548 Crescent Oaks Road
Elonore,Haydn,9/25/1992,ehaydnw@ehow.com,Non-binary,12520 Russell Place
Kit,Yuranovev,8/6/1991,kyuranovevx@bravesites.com,Non-binary,
Ilario,O' Kelleher,11/14/2020,iokellehery@columbia.edu,Bigender,11 Northland Terrace
Simmonds,Miliffe,9/13/1995,smiliffez@rakuten.co.jp,Genderqueer,40 Colorado Park
Naoma,Josephov,6/24/2011,njosephov10@github.com,Female,30 Coleman Pass
Letta,Lundberg,9/19/1958,llundberg11@earthlink.net,Bigender,94344 Waywood Alley
Ellerey,Kerins,7/6/1990,ekerins12@odnoklassniki.ru,Genderfluid,95 Bobwhite Place
Wallis,Ovize,1/30/1968,wovize13@answers.com,Bigender,89553 Merry Way
Carole,Coping,12/4/2002,ccoping14@webmd.com,Genderqueer,0162 Crescent Oaks Avenue
Rafe,Pinckney,3/24/1993,rpinckney15@cisco.com,Non-binary,64897 Norway Maple Plaza
Alaric,Dallicoat,9/13/1955,adallicoat16@accuweather.com,Genderqueer,
Lacey,Swait,12/11/1986,lswait17@yolasite.com,Non-binary,42346 Farragut Court
Gilly,Swate,2/16/2011,gswate18@zdnet.com,Non-binary,290 Arizona Court
Carine,Edgars,2/16/2002,cedgars19@google.com.hk,,580 Fisk Hill
Daria,Yorkston,12/14/2004,dyorkston1a@psu.edu,Male,4 Dottie Court
Chaddie,McWilliam,12/8/1941,cmcwilliam1b@pinterest.com,Bigender,6774 Pearson Point
Adah,Vannacci,12/29/1960,avannacci1c@utexas.edu,Agender,30480 Ilene Parkway
Kim,Petrovykh,5/9/2012,kpetrovykh1d@mashable.com,,20792 Hallows Junction
Hadlee,McFarlan,9/11/1988,hmcfarlan1e@java.com,,123 Mitchell Hill
Dunn,Tupper,7/25/1953,dtupper1f@cyberchimps.com,Agender,1744 Prentice Pass
Ronalda,Snowling,9/27/1967,rsnowling1g@microsoft.com,Bigender,05 Ridgeway Hill
Ossie,Reddie,7/19/1921,oreddie1h@hexun.com,Non-binary,9 Kenwood Circle
Morris,Clearley,4/2/1982,mclearley1i@mediafire.com,,7993 Annamark Road
Oswell,Thebeau,4/14/1962,othebeau1j@prlog.org,Female,91744 Southridge Center
Andrey,Askey,,aaskey1k@barnesandnoble.com,Non-binary,413 Independence Road
Heidie,Maha,2/24/1957,hmaha1l@forbes.com,Genderqueer,74 Scofield Place
Ciel,McIlory,8/15/1934,cmcilory1m@free.fr,Genderfluid,145 Hermina Junction
Chrystel,Popworth,8/15/1971,cpopworth1n@engadget.com,Agender,692 Moose Crossing
Laryssa,Meaney,12/19/1931,lmeaney1o@java.com,Non-binary,30780 Sherman Pass
Eustacia,Kedge,4/10/1998,ekedge1p@economist.com,,
Basile,Wasbey,9/2/2010,bwasbey1q@earthlink.net,Genderqueer,094 Barby Lane
Rayshell,Coultass,4/13/1996,rcoultass1r@yandex.ru,Agender,129 5th Way
Karlens,Edy,5/3/2016,kedy1s@admin.ch,Genderfluid,72205 Manufacturers Street
Glynnis,Ohanessian,1/4/2009,gohanessian1t@reuters.com,Male,47598 Fairview Place
Martainn,Grimshaw,12/16/1965,mgrimshaw1u@statcounter.com,Non-binary,13 Goodland Crossing
Brady,Jesper,2/10/1931,bjesper1v@prlog.org,Non-binary,
,Stennet,5/13/1947,cstennet1w@linkedin.com,Polygender,63 Dennis Center
Stanislaw,Mannock,6/5/1991,smannock1x@latimes.com,Bigender,02 Old Gate Circle
Rosette,Burdoun,,,,38 Thompson Crossing
Glen,Jagiela,11/30/2010,gjagiela1z@123-reg.co.uk,Non-binary,44769 Express Way
Jyoti,Manger,3/2/1974,jmanger20@barnesandnoble.com,Non-binary,0 Kenwood Alley
Marlena,Phillps,1/5/1951,mphillps21@privacy.gov.au,Agender,62 Helena Park
Jennine,Kindon,6/18/2005,jkindon22@cbsnews.com,Agender,45466 Marquette Parkway
Helenelizabeth,Kolis,,hkolis23@nytimes.com,Bigender,55 Packers Center
Thadeus,O'Loughane,3/21/1921,toloughane24@wunderground.com,,8772 Declaration Place
Iseabal,Nathan,11/3/2001,inathan25@who.int,Polygender,5384 Dawn Junction
Marcelia,Delahunt,8/10/2015,mdelahunt26@dropbox.com,,2275 Scofield Way
Bourke,Haughey,9/27/2003,,Genderfluid,90474 Graedel Junction
Codee,Dundendale,10/2/1934,cdundendale28@pbs.org,Non-binary,08554 Rusk Avenue
Towney,Tillyer,5/27/1934,ttillyer29@vinaora.com,Agender,01616 Center Way
Ag,Million,2/11/1946,amillion2a@storify.com,Female,6504 Mariners Cove Hill
Arnoldo,Wrassell,3/14/2018,awrassell2b@ocn.ne.jp,Genderqueer,8646 Summer Ridge Terrace
Brigg,Sigfrid,3/2/1996,bsigfrid2c@lulu.com,,244 Sloan Court
Kerianne,Klementz,12/31/1958,kklementz2d@pen.io,Polygender,66432 Pine View Parkway
Arlen,Cuskery,3/9/1982,acuskery2e@springer.com,Genderqueer,87980 Bluejay Circle
Dawn,Willoughby,,dwilloughby2f@jalbum.net,Male,
Fionnula,Shelliday,3/6/1993,fshelliday2g@studiopress.com,,0 Gina Crossing
Fitzgerald,McArdle,5/23/1940,fmcardle2h@amazon.co.uk,Agender,6751 Northport Circle
Dedra,De Freitas,1/22/2020,ddefreitas2i@google.ru,Genderqueer,44078 Schiller Center
Erhard,Slade,10/10/1970,eslade2j@nhs.uk,,039 1st Court
Nicolette,Sander,1/23/1923,nsander2k@discovery.com,Male,8727 Calypso Park
Hermie,Grasner,3/13/1926,hgrasner2l@youku.com,Agender,8 Ridgeway Alley
Auguste,Ridley,1/29/1938,aridley2m@chicagotribune.com,Agender,0200 Brown Terrace
Jorry,Overill,9/4/1990,joverill2n@cbsnews.com,,5386 Cardinal Park
Dewie,Sedgemond,12/13/1999,dsedgemond2o@wp.com,Female,5700 Ridgeway Plaza
Koren,McAuley,7/13/2001,kmcauley2p@barnesandnoble.com,Polygender,1044 Cardinal Park
Jamison,Viegas,4/16/1993,jviegas2q@friendfeed.com,Non-binary,75 Eastwood Park
Alexei,MacCrossan,9/24/1995,amaccrossan2r@comcast.net,Bigender,
Gene,Djokovic,5/26/1921,gdjokovic2s@diigo.com,Genderfluid,435 Springview Junction
Leigha,Jantot,1/29/1942,ljantot2t@ft.com,Non-binary,5 Kropf Pass
Scotty,Lindbergh,1/10/1931,,Female,6 Fuller Pass
Adelice,Press,1/16/2005,apress2v@sbwire.com,Non-binary,3549 Crownhardt Plaza
Annabelle,Hellikes,8/26/1966,ahellikes2w@usnews.com,,5000 Dawn Road
Lorianna,McCarney,11/2/2017,lmccarney2x@telegraph.co.uk,Male,39194 Morrow Terrace
Everard,Sedwick,12/24/1986,esedwick2y@wikia.com,Polygender,31813 Tennyson Place
Mari,Byrd,11/11/2008,mbyrd2z@loc.gov,,18 Warbler Alley
Kendrick,Chilcotte,1/23/1970,kchilcotte30@istockphoto.com,Female,69658 Grayhawk Parkway
Wallis,le Keux,7/22/1996,wlekeux31@msu.edu,Polygender,886 Fairview Point
Eugine,Treanor,4/15/1991,etreanor32@domainmarket.com,Polygender,3886 Thackeray Place
Georgeanne,Firebrace,8/12/1949,gfirebrace33@amazon.com,Male,
Kory,Brownsall,9/29/2008,kbrownsall34@telegraph.co.uk,Male,4 Cottonwood Trail
Cob,Moulton,9/3/1927,cmoulton35@seattletimes.com,Polygender,2430 Corscot Circle
Tiffy,Meeron,11/4/2003,tmeeron36@multiply.com,,20 Waywood Center
Noak,Chadwell,12/15/1947,nchadwell37@berkeley.edu,Polygender,4556 Dahle Center
Ferguson,FitzAlan,4/16/1981,ffitzalan38@storify.com,Polygender,58 Monica Avenue
Goraud,Lenin,8/18/1978,glenin39@marketwatch.com,,1225 Schlimgen Court
Maddalena,Anstice,8/10/1973,manstice3a@ebay.co.uk,Male,65 Bonner Parkway
Ophelie,Perrelle,4/21/1934,operrelle3b@quantcast.com,Genderfluid,67541 Hoepker Park
Josephina,Gary,9/24/2015,jgary3c@cyberchimps.com,Female,50 Lake View Court
Sarajane,Sunock,9/11/1963,ssunock3d@posterous.com,Agender,1 Valley Edge Junction
Bee,Kiledal,11/28/2019,bkiledal3e@merriam-webster.com,Genderfluid,74 Springs Road
Leeland,Clohissy,11/20/2019,,Agender,23253 Huxley Junction
Rosalyn,Ketchell,9/1/2017,rketchell3g@blogtalkradio.com,Male,810 Schmedeman Junction
Raphaela,Stroud,5/12/1940,rstroud3h@vistaprint.com,Genderqueer,3692 Hazelcrest Junction
Benjy,Arnold,,barnold3i@theguardian.com,Male,208 Fair Oaks Way
Zeke,Goldsmith,8/11/2019,zgoldsmith3j@washington.edu,,72 Sommers Pass
Niels,Venners,10/1/2006,nvenners3k@360.cn,Non-binary,581 Roth Trail
Osmund,Rotge,7/29/1927,orotge3l@ycombinator.com,Agender,74 Vernon Trail
Margalit,Benadette,4/1/1984,mbenadette3m@php.net,Agender,0742 Vidon Street
Eric,Mangin,8/8/1954,emangin3n@xinhuanet.com,Agender,07 South Place
Gianina,Alderman,3/10/1947,,Genderqueer,1 Warrior Lane
Vidovik,Fasson,2/7/1979,vfasson3p@odnoklassniki.ru,Bigender,87319 Ramsey Circle
Kiley,Bithell,,kbithell3q@liveinternet.ru,Bigender,5 Armistice Junction
Cassaundra,Deners,2/26/1942,cdeners3r@nsw.gov.au,Female,0570 Ryan Center
Somerset,Andreasson,1/21/1946,sandreasson3s@wikia.com,Non-binary,998 Debra Plaza
Palmer,Jaskiewicz,10/5/1946,pjaskiewicz3t@dedecms.com,,84023 Dennis Plaza
Gannon,Effnert,,geffnert3u@tinypic.com,Genderfluid,
Allyn,Vertey,,avertey3v@1688.com,,4967 Gerald Pass
Parke,Eschalotte,2/26/1927,peschalotte3w@berkeley.edu,Male,0 Portage Point
Dee dee,,2/13/1931,dthickpenny3x@symantec.com,Bigender,538 Heath Place
Justinn,Soutar,5/21/1954,jsoutar3y@loc.gov,Genderqueer,5 Laurel Terrace
Lorri,MacDearmaid,6/29/1929,lmacdearmaid3z@va.gov,Polygender,2 Upham Court
Celia,Antonomolii,,cantonomolii40@ibm.com,Bigender,4756 David Drive
Fernandina,Blaszczak,8/2/1937,fblaszczak41@sourceforge.net,Polygender,5 Lighthouse Bay Crossing
Yalonda,Haysman,9/24/2014,yhaysman42@diigo.com,Non-binary,7380 Warrior Center
Judas,Witherdon,11/21/1948,jwitherdon43@businesswire.com,Non-binary,2808 Packers Drive
Annaliese,Salvatore,4/5/1984,asalvatore44@ehow.com,Male,35 Garrison Lane
,Widger,6/14/1955,ewidger45@reddit.com,Bigender,3 Dunning Center
Tanner,Collelton,6/2/1920,tcollelton46@rakuten.co.jp,Genderfluid,50983 Tomscot Terrace
,Wimsett,4/30/1963,nwimsett47@lulu.com,Bigender,639 Village Parkway
Lelia,Poschel,1/11/1986,lposchel48@salon.com,Polygender,3 Ridgeview Place
Brunhilda,Tunnick,3/17/2020,btunnick49@gizmodo.com,Female,988 Starling Parkway
Marjorie,Gorriessen,4/16/1940,mgorriessen4a@redcross.org,Polygender,36834 Blaine Place
Idalina,Burstowe,1/1/2008,iburstowe4b@ox.ac.uk,Non-binary,39 6th Park
Ado,Jaouen,1/27/1938,ajaouen4c@smugmug.com,Agender,4 Walton Hill
Roxie,Mandifield,9/6/1950,rmandifield4d@privacy.gov.au,Non-binary,548 Maple Wood Alley
Kylen,Poker,3/28/2010,kpoker4e@instagram.com,Male,0244 Schmedeman Place
Whitney,Fosse,1/1/2013,wfosse4f@goodreads.com,Agender,135 Bonner Avenue
Perle,Haccleton,1/3/1946,,Bigender,55 Bartillon Crossing
Cinderella,Fontin,,cfontin4h@yandex.ru,Bigender,800 Manitowish Plaza
Kalle,Kinkaid,4/11/1986,kkinkaid4i@issuu.com,Bigender,9 Warner Avenue
Darb,Emanuele,1/3/1944,demanuele4j@wufoo.com,Female,83148 Kennedy Hill
Ninnette,Done,4/12/1968,ndone4k@omniture.com,Non-binary,69114 Ridge Oak Way
Lyn,Dorset,1/14/1941,ldorset4l@mtv.com,Female,7513 Beilfuss Pass
Carry,Coote,1/27/1969,ccoote4m@wired.com,Non-binary,0 Express Parkway
Zelig,Longhi,3/21/1940,zlonghi4n@huffingtonpost.com,Bigender,94 International Crossing
Shell,,1/12/1991,sbohlmann4o@feedburner.com,Bigender,13744 Barnett Plaza
Georgiana,Kamenar,11/24/1967,gkamenar4p@facebook.com,Agender,18 Stuart Crossing
Livvie,Fruen,7/23/1962,lfruen4q@altervista.org,Genderqueer,3 Tony Avenue
Marti,Pantin,2/1/1992,mpantin4r@biglobe.ne.jp,Genderfluid,1 Oak Circle
Clarisse,Eykel,12/26/1967,ceykel4s@nytimes.com,Polygender,62 Schurz Center
Genia,Karpets,10/9/1930,gkarpets4t@google.es,Male,3 Garrison Alley
Lind,Farres,3/28/1970,lfarres4u@list-manage.com,Male,1 Clemons Court
Woodie,Roscamp,4/24/1956,wroscamp4v@google.co.jp,Non-binary,24251 Toban Terrace
Raviv,Applegate,6/6/1949,rapplegate4w@redcross.org,Male,61 Dayton Center
Damien,Cornelis,8/2/1941,dcornelis4x@forbes.com,Genderqueer,2892 Hanson Terrace
Estele,Duffit,12/26/1986,eduffit4y@skyrock.com,Genderfluid,52412 Fisk Parkway
,St. Paul,10/14/1951,estpaul4z@tinyurl.com,,3169 Dryden Circle
Abraham,Wessel,4/25/1970,awessel50@huffingtonpost.com,,074 Comanche Road
Harlie,Applegarth,12/22/1943,happlegarth51@newsvine.com,Female,2 Anthes Lane
Luigi,Yarrington,,lyarrington52@admin.ch,Genderfluid,7 Anniversary Junction
Gasper,Wagner,12/13/1933,gwagner53@ameblo.jp,,663 East Point
Othelia,Peltz,4/14/1983,opeltz54@icq.com,Polygender,00 Jana Trail
Alyson,Huckerbe,8/13/2013,ahuckerbe55@bigcartel.com,Bigender,3700 Menomonie Crossing
Alfie,Renault,,arenault56@webmd.com,Male,49 Corscot Road
Mala,Croucher,2/15/1942,mcroucher57@cam.ac.uk,Bigender,0123 Forest Run Junction
Chadd,Winward,7/11/1957,cwinward58@pbs.org,Non-binary,6 Del Sol Court
Giordano,Matzkaitis,,gmatzkaitis59@lulu.com,Male,5 Rigney Drive
Meredith,Friedlos,10/20/1926,,Genderqueer,43921 Sheridan Park
Anabal,Hinckes,6/2/1962,ahinckes5b@state.gov,Female,78 Northwestern Point
Alexi,Kennady,7/2/1944,akennady5c@gnu.org,Female,6566 Lunder Place
Craggy,Slainey,,cslainey5d@wsj.com,Polygender,
Bride,Sybry,7/29/1944,bsybry5e@twitter.com,Female,660 Blue Bill Park Parkway
Amaleta,Spencley,3/28/1960,aspencley5f@chron.com,Bigender,70470 Veith Pass
Ward,Cutriss,4/13/1939,wcutriss5g@twitpic.com,Male,980 Cherokee Trail
Lazaro,Biggerdike,,lbiggerdike5h@npr.org,Genderqueer,462 Fieldstone Drive
Thom,Dyett,10/28/1985,tdyett5i@cbslocal.com,Female,3 Packers Street
Milissent,Beardsworth,3/3/1939,mbeardsworth5j@hexun.com,,51910 Eagan Drive
Tate,Guerrier,12/7/1939,tguerrier5k@unc.edu,Agender,899 Sachtjen Lane
Shellie,Parzis,10/28/1956,sparzis5l@amazon.co.uk,Non-binary,7 Eggendart Park
Sibilla,Odney,12/16/2016,sodney5m@is.gd,Genderqueer,5315 Barby Way
Eddy,Mahoney,3/30/1950,emahoney5n@dion.ne.jp,Male,5630 Graedel Park
Kristin,Crosston,5/10/2013,kcrosston5o@bluehost.com,Non-binary,02244 Hanson Crossing
Woodrow,Kewzick,11/14/1931,wkewzick5p@illinois.edu,Genderqueer,0178 Forest Run Terrace
Lynnett,Stevens,11/11/1939,lstevens5q@mozilla.org,Agender,79996 Morningstar Hill
Caroline,Hing,12/18/1984,ching5r@harvard.edu,Non-binary,08 Gulseth Terrace
Breena,Chason,3/29/1968,bchason5s@sciencedaily.com,Bigender,
Abbey,Kuhne,12/19/1954,akuhne5t@multiply.com,Female,48919 Kenwood Circle
Annadiana,Lyddiatt,6/29/1955,,Bigender,2449 West Center
Tabby,Wardrop,10/22/1933,twardrop5v@netlog.com,Genderfluid,02 Dixon Alley
Ariadne,Barsham,,abarsham5w@unc.edu,Male,26 Di Loreto Terrace
Kynthia,Boost,9/10/1994,kboost5x@rakuten.co.jp,Male,9341 Comanche Crossing
Vivianne,Pinnere,5/27/2001,vpinnere5y@apache.org,Polygender,53 Anzinger Terrace
Lionello,Fawcett,3/9/1945,lfawcett5z@uol.com.br,Female,02 Hallows Plaza
Benoite,Mitkcov,1/15/1945,bmitkcov60@xinhuanet.com,Genderqueer,7354 Kenwood Place
Imelda,Breslane,8/8/1929,ibreslane61@hp.com,Genderfluid,22835 Stuart Circle
Adriena,Lomen,4/17/2011,alomen62@engadget.com,Polygender,2 John Wall Trail
Sarette,Rous,3/11/1977,srous63@booking.com,Agender,72 Knutson Point
Geri,Prisk,,gprisk64@google.es,Male,8 Delaware Park
Hayden,Lindenfeld,8/17/1967,hlindenfeld65@vimeo.com,Non-binary,4 Fallview Drive
Feodora,Ziehm,11/15/1994,fziehm66@skype.com,Female,79 Bluejay Court
Giles,Hallmark,3/3/1994,ghallmark67@photobucket.com,Polygender,7007 John Wall Trail
Westley,Mattiassi,8/25/1935,wmattiassi68@hibu.com,Bigender,267 Dwight Way
Vinni,Olliff,2/4/1948,volliff69@nasa.gov,,12765 Quincy Court
Juliette,Brando,2/6/1924,jbrando6a@twitpic.com,Polygender,389 Granby Trail
Bessy,Brownbridge,11/17/2005,bbrownbridge6b@meetup.com,Genderfluid,36 Erie Place
Norma,Kynder,8/8/2018,nkynder6c@bloomberg.com,Non-binary,3 Debra Park
Joycelin,Thunderman,11/6/1949,jthunderman6d@youku.com,Bigender,1 Kings Terrace
Gearalt,Tuting,12/4/1933,gtuting6e@soundcloud.com,Polygender,1 Monterey Junction
Nicholas,Galego,9/23/1928,ngalego6f@purevolume.com,Male,3 Moose Way
Davita,Shuttell,3/2/1968,dshuttell6g@so-net.ne.jp,Polygender,7 Nancy Center
Wat,Listone,,wlistone6h@moonfruit.com,Male,5 Macpherson Plaza
Susann,Robic,1/18/1932,srobic6i@nsw.gov.au,Female,43310 Northview Drive
Cilka,Laidel,10/2/1985,claidel6j@google.com.hk,Genderfluid,662 Nevada Lane
Rene,Wyre,,,Polygender,651 Eagan Plaza
Ambrosio,Honeywood,,ahoneywood6l@weebly.com,Bigender,71096 Cordelia Court
Lewes,Verry,7/23/1970,lverry6m@zimbio.com,,1 Summerview Parkway
Humfrid,Laval,3/19/2008,hlaval6n@usnews.com,Polygender,4 Mayfield Road
Conny,Sleaford,4/12/1943,csleaford6o@globo.com,Bigender,06899 Hooker Junction
Audre,Thow,,,Polygender,040 Springs Lane
Flor,Runnicles,,frunnicles6q@vkontakte.ru,Agender,64 Northfield Circle
Gib,Everingham,9/25/1974,geveringham6r@edublogs.org,,21915 Mesta Street
Gennifer,Chastel,11/17/1971,gchastel6s@cloudflare.com,Genderfluid,
Dayna,Hugnet,9/27/1977,dhugnet6t@stanford.edu,Female,
Aldric,Bellinger,5/20/2000,abellinger6u@latimes.com,,5648 Armistice Junction
Lorene,Acedo,10/2/1948,lacedo6v@domainmarket.com,Female,518 Rockefeller Park
Alejandrina,Snowball,6/23/2008,asnowball6w@yellowbook.com,,115 Moulton Terrace
Dolly,Yashin,11/27/1960,dyashin6x@creativecommons.org,Agender,745 Menomonie Court
Gustave,Gimert,5/30/1925,ggimert6y@shinystat.com,Male,96985 Badeau Circle
Reina,Stokell,2/18/1965,rstokell6z@accuweather.com,Non-binary,4999 Eastwood Parkway
Araldo,Arnely,6/20/1946,aarnely70@mail.ru,Bigender,6 Village Alley
Michelina,Trainor,2/23/1933,mtrainor71@vimeo.com,Genderfluid,62 Bluejay Place
Sammie,Farrimond,3/30/1950,sfarrimond72@issuu.com,Agender,267 Dixon Road
Curcio,Philo,10/28/1923,cphilo73@nhs.uk,Bigender,420 Kedzie Parkway
Tann,Burnip,6/1/1964,tburnip74@wunderground.com,Genderfluid,5 Karstens Crossing
Laurence,Speller,8/25/1945,lspeller75@eepurl.com,Polygender,17 Fremont Crossing
Zach,Bonson,5/11/1939,zbonson76@home.pl,Polygender,307 Village Green Drive
Colly,Brisbane,5/25/2006,cbrisbane77@godaddy.com,Polygender,40732 Arizona Place
Vicky,Jarrold,8/17/1985,,Female,3713 Mosinee Center
Gan,Jaksic,2/5/1971,gjaksic79@geocities.jp,Polygender,5 Mitchell Place
Theodor,Meachen,7/28/1921,tmeachen7a@toplist.cz,Agender,39812 Fallview Circle
Tonye,Leopold,12/5/1940,tleopold7b@bluehost.com,Genderqueer,4583 Autumn Leaf Circle
Sandro,Kingcote,3/13/2004,skingcote7c@hhs.gov,Female,5750 Victoria Alley
Brose,,10/3/1946,bfranklen7d@sciencedirect.com,,244 Crest Line Alley
Ivette,Wyldbore,4/11/1972,iwyldbore7e@harvard.edu,Polygender,0 Glendale Terrace
Dennie,Shepherd,6/10/2012,dshepherd7f@sina.com.cn,Agender,20884 Mallard Avenue
Alberik,Wegner,4/6/1936,awegner7g@bloglovin.com,Female,145 Thompson Alley
Lotty,Antalffy,7/28/1923,lantalffy7h@ftc.gov,Male,70134 Boyd Road
Jerrilyn,Rivelon,2/21/2010,jrivelon7i@spotify.com,Genderfluid,11 Annamark Center
Andras,Jotham,11/28/1974,ajotham7j@php.net,Genderqueer,5 Golden Leaf Park
Halsey,Garfath,3/11/1935,hgarfath7k@multiply.com,Genderfluid,010 Park Meadow Trail
Burton,Rase,12/25/1978,brase7l@comsenz.com,Non-binary,77008 Forest Dale Circle
Lindsey,Domino,12/20/2004,ldomino7m@youtube.com,Male,339 Carey Trail
Stanley,Palphramand,9/6/1943,spalphramand7n@sbwire.com,Genderfluid,2 Hansons Terrace
Erich,Hamil,4/27/1923,ehamil7o@histats.com,Male,1654 Schlimgen Center
Cos,Ellit,6/16/1965,cellit7p@zdnet.com,Polygender,3432 Green Ridge Street
Robena,Pendergrast,1/17/1927,rpendergrast7q@yellowbook.com,Non-binary,51942 Roth Alley
Ode,Jouannot,1/20/1956,ojouannot7r@craigslist.org,Agender,90 Londonderry Drive
Wilbert,Alenikov,8/31/1997,walenikov7s@networkadvertising.org,Genderfluid,095 Lunder Crossing
Allene,Gear,10/25/1990,agear7t@livejournal.com,Non-binary,61 Reindahl Hill
Hali,Seton,12/10/2008,hseton7u@dedecms.com,Agender,3093 Manufacturers Trail
Randi,Massel,10/16/1961,rmassel7v@github.io,Genderqueer,335 Sachs Terrace
Madalyn,Surtees,4/14/1986,msurtees7w@edublogs.org,Male,472 Waubesa Point
Cosette,Blackhall,10/28/1939,cblackhall7x@go.com,Genderqueer,2046 Carioca Street
Scottie,Windle,9/3/1966,swindle7y@nationalgeographic.com,Polygender,037 Stephen Center
Rosaline,Godden,12/28/1999,rgodden7z@delicious.com,Genderqueer,66695 6th Circle
Teodoro,Weild,1/1/1957,tweild80@hhs.gov,,80 Bunker Hill Hill
Jeromy,Dabinett,5/2/1976,,Agender,9 Bonner Circle
Amelina,Eitter,1/7/1965,aeitter82@baidu.com,Genderfluid,6632 Independence Junction
Freddi,Klisch,7/20/1964,fklisch83@facebook.com,,55 Jay Terrace
Libbi,Woodcock,6/21/1925,lwoodcock84@netscape.com,,813 Dayton Street
Lorinda,Lyddon,9/5/2010,llyddon85@diigo.com,Agender,0679 Banding Pass
Shanan,Ferruzzi,4/13/1953,sferruzzi86@etsy.com,,3913 Esch Park
Karol,Rimell,8/27/1934,krimell87@ucla.edu,Non-binary,3361 Bowman Park
Lucius,Hastwall,12/2/1957,lhastwall88@discovery.com,Genderqueer,08062 Starling Way
Nobe,Yateman,,nyateman89@joomla.org,Genderfluid,102 East Lane
Tasia,Werny,11/28/1950,twerny8a@myspace.com,Polygender,735 Commercial Court
Eugenius,Amos,1/17/2009,eamos8b@barnesandnoble.com,Non-binary,01 Grayhawk Drive
Shauna,Breckell,4/29/1988,sbreckell8c@netscape.com,Agender,64779 Park Meadow Park
Issiah,Lancashire,,ilancashire8d@over-blog.com,Genderfluid,0 Kipling Center
Jilly,Ferrick,2/15/2018,jferrick8e@pagesperso-orange.fr,Polygender,86070 Red Cloud Road
Vyky,Schenkel,9/26/1983,vschenkel8f@constantcontact.com,,6951 Knutson Street
Gan,,6/3/1962,gbretton8g@plala.or.jp,Non-binary,4681 Walton Avenue
Donelle,Hirsthouse,12/8/1947,dhirsthouse8h@chron.com,,467 Waubesa Crossing
Esme,Poyle,4/29/1968,epoyle8i@umn.edu,Genderfluid,8 Dwight Crossing
Esmaria,Deveral,8/25/1944,edeveral8j@friendfeed.com,Female,
Verla,Burnip,4/16/1992,vburnip8k@wordpress.com,Genderqueer,98031 Everett Avenue
Gratiana,Saffe,8/20/1930,gsaffe8l@elpais.com,Female,3 Rockefeller Trail
Ber,Pengilley,11/27/2019,bpengilley8m@flavors.me,Non-binary,13 Morningstar Court
Dex,Lippett,9/14/1968,dlippett8n@blogspot.com,Bigender,94 Caliangt Park
Rosmunda,Guyet,,rguyet8o@alibaba.com,Agender,58898 Village Green Crossing
Pammy,Izac,12/16/1938,pizac8p@sakura.ne.jp,Agender,13 Old Shore Hill
Diane-marie,Stollmeier,6/1/1954,dstollmeier8q@army.mil,Genderfluid,14 Marquette Lane
Emmott,Kinkaid,7/21/1982,ekinkaid8r@multiply.com,Genderfluid,198 Victoria Parkway
Fiorenze,Graveney,7/4/1920,,Genderqueer,32 Kings Junction
Morgana,Pulfer,10/1/1945,mpulfer8t@de.vu,,8982 Nelson Plaza
Rodge,Caseborne,4/5/2000,rcaseborne8u@domainmarket.com,Bigender,8377 Becker Lane
Mead,Measom,2/7/1941,mmeasom8v@boston.com,Male,516 Dahle Court
Lucia,Le Batteur,5/16/1960,llebatteur8w@ibm.com,Bigender,78 Pawling Plaza
Alisun,Gowers,11/8/1945,agowers8x@amazon.co.jp,Genderqueer,64 Waubesa Plaza
Maurise,Muglestone,6/4/1992,mmuglestone8y@hibu.com,Genderqueer,42 Warrior Circle
Tim,Keenlayside,2/23/1990,tkeenlayside8z@live.com,Genderfluid,878 Karstens Plaza
Nicolea,Dinzey,3/15/1984,ndinzey90@squidoo.com,Female,57 Bobwhite Way
Tomasina,Westwick,6/23/1988,twestwick91@imageshack.us,Non-binary,0 Springs Terrace
Arden,Treadger,1/15/2014,atreadger92@github.io,,7488 Kim Circle
Shelby,Wallsam,10/5/2008,swallsam93@telegraph.co.uk,Female,026 Hintze Circle
Lolly,Welsby,12/17/1943,lwelsby94@newsvine.com,Female,21 Coleman Place
Theo,Purrier,8/12/1935,tpurrier95@china.com.cn,,46 Larry Pass
Tynan,Bartolomeoni,3/20/2017,tbartolomeoni96@wp.com,Genderqueer,88724 Bartelt Street
Paola,Leaf,7/26/1988,pleaf97@mapquest.com,Female,1743 Hovde Lane
Annabela,Tortice,3/2/2001,atortice98@dell.com,Genderqueer,226 Oxford Parkway
Aluino,Kunc,11/18/1975,akunc99@boston.com,,2 Union Hill
Beale,Benedikt,3/4/1967,bbenedikt9a@weibo.com,Polygender,07671 Dakota Way
Albertina,,,agiacobazzi9b@nbcnews.com,Male,42778 Armistice Plaza
Russ,Palle,10/30/1930,rpalle9c@ca.gov,Bigender,49894 Butternut Point
Gianina,Patis,7/20/1927,gpatis9d@washingtonpost.com,Non-binary,09575 Daystar Trail
Inglis,Burg,1/1/1978,iburg9e@e-recht24.de,Polygender,03 Claremont Trail
Blithe,Taber,2/23/1974,btaber9f@upenn.edu,Genderfluid,14 Homewood Road
Ernest,Allison,9/17/1952,eallison9g@bizjournals.com,Genderqueer,6 Havey Center
Tamara,Sherborne,2/28/1964,tsherborne9h@nih.gov,Bigender,363 Arapahoe Hill
Blondie,Frascone,11/3/1936,bfrascone9i@newsvine.com,Polygender,64 Meadow Valley Parkway
Clerkclaude,Mattisson,8/19/1972,cmattisson9j@latimes.com,Bigender,8 Nova Avenue
Chantalle,Roust,9/29/1921,croust9k@hatena.ne.jp,Polygender,7915 Hazelcrest Circle
Kelly,Jarratt,4/27/1963,kjarratt9l@pcworld.com,,3537 Charing Cross Hill
Jeana,Eagland,7/19/1936,jeagland9m@mapquest.com,Genderfluid,50145 Burning Wood Hill
Charley,MacRierie,9/17/2018,cmacrierie9n@surveymonkey.com,Non-binary,2951 Union Road
Aurthur,Davidoff,1/14/1950,adavidoff9o@is.gd,Male,6 Eliot Drive
Tate,Shrubb,3/23/1930,tshrubb9p@4shared.com,,994 International Hill
Melanie,Lavall,5/22/1979,mlavall9q@wunderground.com,Bigender,57026 Loeprich Point
Enrika,Tugman,8/19/1928,etugman9r@feedburner.com,Non-binary,62839 Farmco Hill
Ainslee,Mephan,,amephan9s@hhs.gov,Bigender,29988 Katie Avenue
Jeannie,Bondy,3/15/1967,jbondy9t@oracle.com,Genderfluid,6601 Merchant Crossing
Jsandye,McClenan,7/24/1996,jmcclenan9u@squidoo.com,Non-binary,8040 Bayside Hill
Austine,Duker,1/10/1936,aduker9v@dagondesign.com,Male,1972 Glacier Hill Avenue
Carlyn,Naerup,,cnaerup9w@bloomberg.com,Agender,2 Heath Drive
Francisco,Mitrikhin,7/23/1937,fmitrikhin9x@shop-pro.jp,Genderfluid,004 Debra Avenue
Leese,Ravilious,10/31/1941,lravilious9y@mit.edu,Polygender,81 Division Hill
Jerri,Kiernan,,jkiernan9z@fema.gov,Genderfluid,76258 Thackeray Pass
Jobina,Cust,9/25/1926,jcusta0@blogtalkradio.com,Female,99 Nelson Terrace
Margret,Lesper,3/16/1972,mlespera1@bloglines.com,Bigender,015 Nevada Pass
Latisha,Lackington,7/23/1929,,Non-binary,300 Red Cloud Alley
Anne-marie,Wrist,5/14/1940,awrista3@fda.gov,,348 Marcy Point
Florina,Hammatt,7/27/1960,,,8 Park Meadow Park
Hugo,Delicate,10/24/1953,hdelicatea5@omniture.com,Agender,1 Carpenter Hill
Margaretha,Sully,12/25/1925,msullya6@slideshare.net,Genderfluid,7 Namekagon Drive
Marijn,Kerby,2/5/1966,mkerbya7@ask.com,Polygender,60 Pearson Crossing
Katee,Sleite,3/11/1990,ksleitea8@seesaa.net,Genderqueer,1663 Straubel Terrace
Aretha,Cona,6/24/1963,aconaa9@whitehouse.gov,Non-binary,5 Arrowood Crossing
Danella,Sidnall,7/1/1990,dsidnallaa@miibeian.gov.cn,Agender,86 Starling Drive
Hubie,Cowans,9/28/1931,hcowansab@wikispaces.com,Bigender,9 Bellgrove Crossing
Quinn,Shane,2/1/2003,qshaneac@cnn.com,,82216 Chive Court
Hubey,Doughartie,1/1/1979,hdoughartiead@amazon.de,Bigender,8806 Kensington Circle
Mychal,Wanne,7/9/1930,mwanneae@google.de,Agender,600 Sugar Crossing
Alphonse,Bevens,7/21/1927,abevensaf@europa.eu,Bigender,9 Iowa Point
Elisabetta,Granville,8/18/2015,egranvilleag@ed.gov,Male,815 Dunning Plaza
Lesley,Durrans,12/1/1973,ldurransah@washington.edu,Agender,04002 Crowley Court
Wally,Huyghe,12/8/1980,whuygheai@1und1.de,Female,91 Goodland Crossing
Donn,Hickisson,4/30/2000,dhickissonaj@webeden.co.uk,Bigender,036 Colorado Hill
Brade,Kepp,7/31/1969,bkeppak@spiegel.de,Genderqueer,0 Warrior Park
Roxana,Dalgardno,3/8/1964,rdalgardnoal@europa.eu,Genderqueer,59383 Garrison Street
Laverne,Kingsnode,4/18/1957,lkingsnodeam@spiegel.de,Agender,0 Division Terrace
Alwin,Fursey,11/23/2003,afurseyan@soundcloud.com,Agender,59 Meadow Ridge Place
Frannie,Kardos,5/23/2001,fkardosao@eepurl.com,Agender,45 Reindahl Plaza
Rachelle,Nockalls,5/8/1955,rnockallsap@jugem.jp,Polygender,7692 Artisan Terrace
Isidoro,Scotchmer,6/2/2008,iscotchmeraq@netscape.com,Genderqueer,3 Logan Place
,Archbald,6/25/1958,aarchbaldar@51.la,Genderqueer,385 Almo Terrace
Karel,Attle,10/31/1952,kattleas@jigsy.com,Female,0628 Magdeline Terrace
Idell,Beacock,8/11/2002,ibeacockat@yahoo.com,Genderqueer,49 Division Parkway
Irvine,Brosnan,11/3/1983,ibrosnanau@businesswire.com,Genderqueer,7205 Meadow Ridge Place
Levin,Onraet,1/23/1990,lonraetav@unblog.fr,Polygender,02167 Sachtjen Junction
Jacquelin,Mapplebeck,1/23/1989,jmapplebeckaw@simplemachines.org,,172 Maywood Drive
Desiri,Batchellor,3/29/2012,dbatchellorax@topsy.com,Male,92195 Mcbride Center
Lauryn,Semmence,,lsemmenceay@ask.com,Genderfluid,24 Milwaukee Junction
Jolie,Woollett,12/17/1998,jwoollettaz@bloomberg.com,Genderfluid,113 Lukken Alley
Katy,Sybe,1/31/1995,,Agender,04032 Browning Circle
Hendrik,Stutt,5/30/1980,hstuttb1@baidu.com,Bigender,24 Waxwing Way
Gwen,Mears,11/24/1991,gmearsb2@phoca.cz,Female,8 Fieldstone Pass
Booth,Habbes,2/18/1941,bhabbesb3@google.co.uk,Polygender,04 Manufacturers Drive
Roseanna,Brian,12/21/2008,rbrianb4@jiathis.com,Agender,0142 Rockefeller Crossing
Janek,MacCaughey,11/28/1990,jmaccaugheyb5@tamu.edu,Agender,537 Welch Place
Gwendolen,Nilles,1/7/1994,gnillesb6@mtv.com,Genderfluid,84760 Eliot Avenue
Kylynn,Vaudre,4/28/1989,kvaudreb7@dyndns.org,Genderfluid,8498 Rutledge Terrace
,Eyer,3/20/2006,aeyerb8@eepurl.com,Genderqueer,83942 Farmco Way
Larina,Willimot,11/12/1930,lwillimotb9@ted.com,Non-binary,77 Judy Terrace
Janine,Peacey,12/25/2007,jpeaceyba@google.co.uk,,4236 Steensland Street
Zabrina,Dorney,12/23/1958,zdorneybb@xinhuanet.com,Genderfluid,119 Springview Circle
Deena,Goddard,2/9/1940,dgoddardbc@icio.us,,5 Starling Plaza
Marleen,Hyam,,mhyambd@exblog.jp,Female,3865 Grasskamp Alley
Silvie,Bourthoumieux,5/5/1977,sbourthoumieuxbe@networkadvertising.org,Non-binary,3 Cherokee Terrace
Nessie,Sykes,2/20/1922,nsykesbf@opera.com,Genderfluid,57342 Schmedeman Place
Jack,Witherow,11/19/1943,jwitherowbg@sogou.com,,76 7th Drive
Renell,Spender,2/3/1933,rspenderbh@4shared.com,Non-binary,1252 Del Sol Crossing
Godfrey,,8/24/1928,gkyddebi@wp.com,Female,792 Declaration Lane
Wendeline,Haldane,5/7/1951,whaldanebj@indiegogo.com,Male,5 Memorial Alley
Wiley,Eyckelberg,3/21/1922,weyckelbergbk@cnbc.com,Non-binary,
Dalenna,Crayden,12/17/1987,dcraydenbl@123-reg.co.uk,Genderqueer,379 Pond Plaza
Korey,Vallery,3/10/1973,kvallerybm@dell.com,Polygender,8125 Trailsway Terrace
Larisa,Callf,5/27/2013,lcallfbn@prlog.org,Genderfluid,8 Orin Alley
Judd,Hawtrey,8/20/1963,jhawtreybo@live.com,,0 Brown Point
Ryun,Kubala,4/15/1956,,Bigender,949 Caliangt Alley
Jessy,Trenbay,5/22/1986,jtrenbaybq@army.mil,Agender,57 Graedel Terrace
Juliana,Blockley,3/17/2010,jblockleybr@networksolutions.com,,065 Corben Parkway
Friedrick,Oxbrow,3/2/1968,foxbrowbs@geocities.jp,Genderfluid,82496 Bluestem Circle
Brockie,Yerill,8/17/1984,byerillbt@china.com.cn,Male,0 Vernon Terrace
Gina,Laphorn,8/21/1978,glaphornbu@state.gov,Genderqueer,5 2nd Court
Rriocard,Hauxwell,12/22/1971,rhauxwellbv@myspace.com,Non-binary,0 Forster Lane
,Blunn,8/6/1980,ablunnbw@slashdot.org,Female,4 Autumn Leaf Trail
Kassey,Hedylstone,12/1/1946,khedylstonebx@rambler.ru,Non-binary,72237 Novick Crossing
Myrle,Sautter,10/13/1969,,Non-binary,057 Blaine Crossing
Ansell,Jerrans,1/28/1940,ajerransbz@printfriendly.com,Genderqueer,53 Bunker Hill Place
Layney,Warcop,6/20/1972,lwarcopc0@go.com,Female,21 Northport Way
Pierette,Ladley,11/11/1921,pladleyc1@behance.net,Bigender,260 Duke Court
Gerhardt,Fellos,1/22/1988,,Bigender,460 Doe Crossing Lane
Janessa,Balsellie,5/4/1923,jbalselliec3@php.net,Bigender,36084 Stuart Crossing
Todd,Stroban,1/31/2014,tstrobanc4@sciencedirect.com,Polygender,57 Dwight Place
Tadio,Stuther,2/7/1955,tstutherc5@bloglines.com,Agender,4542 Derek Point
Nixie,Orrom,,,Genderfluid,0041 Sunfield Hill
Konstanze,Mulloch,7/13/2015,kmullochc7@mayoclinic.com,Polygender,88 American Ash Lane
Trevor,Castelyn,,tcastelync8@odnoklassniki.ru,Genderfluid,
Nancie,,10/2/1930,nlowrancec9@w3.org,Genderfluid,28898 Express Place
Candide,Ficken,5/22/1954,cfickenca@wordpress.com,Genderfluid,54 Del Sol Street
Lionel,O'Halligan,3/19/2013,lohalligancb@state.tx.us,Bigender,6 Cascade Plaza
Gweneth,Sumers,12/3/1977,gsumerscc@dmoz.org,,3214 Hallows Circle
Bibby,Hambrick,3/23/1977,bhambrickcd@intel.com,Male,049 Fordem Trail
Tedd,Schoales,10/19/1968,tschoalesce@typepad.com,Agender,05294 Autumn Leaf Drive
Waylan,Arson,9/9/1959,warsoncf@wordpress.com,Bigender,38 Drewry Pass
Lee,Allum,11/23/2004,lallumcg@pagesperso-orange.fr,Bigender,14860 Eliot Terrace
Fiorenze,Micco,12/8/2016,fmiccoch@php.net,Genderfluid,211 Independence Terrace
Elias,Mc Faul,5/10/1932,emcfaulci@apple.com,Genderfluid,91 Laurel Circle
Louis,Blaymires,,lblaymirescj@123-reg.co.uk,Polygender,33092 Wayridge Crossing
Neda,Khilkov,3/18/1991,nkhilkovck@wired.com,Non-binary,23867 Browning Hill
Maryjane,Applegate,4/4/1973,mapplegatecl@unblog.fr,Agender,97690 Wayridge Park
Nanny,Akred,3/15/1959,,Male,912 1st Way
Eric,Ternott,3/27/1957,eternottcn@washington.edu,Agender,7 Saint Paul Lane
Collin,Speenden,1/8/1947,cspeendenco@fastcompany.com,Agender,4 Springs Park
Carena,Perton,,cpertoncp@bing.com,Bigender,1 Johnson Street
Anna-maria,Blowick,8/9/1921,ablowickcq@delicious.com,Female,106 Declaration Junction
Bobbette,,2/19/1956,bfallencr@nih.gov,Genderqueer,3 Sunfield Way
Elle,MacNeill,1/13/1976,emacneillcs@businessinsider.com,Non-binary,
Saxe,Tugwell,1/27/1994,stugwellct@typepad.com,Non-binary,4 Bluestem Drive
Alvina,Babonau,5/7/1963,ababonaucu@google.com.br,Male,08920 Kings Way
Eldin,Claridge,10/13/1974,eclaridgecv@miibeian.gov.cn,Agender,69167 Corry Plaza
Tisha,Wellfare,4/16/1944,twellfarecw@netscape.com,Genderqueer,3 Center Park
Farleigh,Chatin,3/27/1934,fchatincx@4shared.com,Polygender,661 Amoth Trail
Donielle,Gurge,12/19/1967,dgurgecy@disqus.com,Non-binary,0 Mandrake Trail
Hannis,Kalinke,,hkalinkecz@theguardian.com,Agender,44413 Village Avenue
Vance,Negal,12/25/1949,vnegald0@reference.com,Bigender,3 Shasta Way
Judi,Kyncl,11/6/2016,jkyncld1@hud.gov,Male,63 Declaration Crossing
Anthiathia,Kivell,4/10/1929,akivelld2@dion.ne.jp,Male,79500 Talisman Lane
Odelia,Ferrieroi,12/20/1963,oferrieroid3@umich.edu,Bigender,9 Hallows Park
Gordy,Tatterton,2/3/1938,gtattertond4@aol.com,Agender,5 Melby Avenue
Marin,Freeburn,3/3/2015,mfreeburnd5@samsung.com,Genderfluid,41209 Northridge Alley
Rhys,Glanert,6/13/1978,rglanertd6@purevolume.com,Male,62524 Brickson Park Lane
Andy,Gianulli,9/30/2006,agianullid7@simplemachines.org,,5 Little Fleur Junction
Marjie,Hindsberg,3/28/1989,mhindsbergd8@addthis.com,Agender,5970 Thompson Hill
Bev,Grossier,1/14/1979,bgrossierd9@yelp.com,Genderfluid,572 Manitowish Parkway
Josias,Ratnage,8/19/1965,jratnageda@telegraph.co.uk,Genderqueer,3892 Pierstorff Crossing
Tierney,Mushet,1/18/1944,tmushetdb@wikispaces.com,Polygender,0 Ludington Road
Enoch,Annetts,6/13/1960,eannettsdc@lulu.com,Genderfluid,0 Sutherland Crossing
Linnell,Postans,12/14/2013,lpostansdd@netlog.com,,3 Jackson Court
Shirleen,Thornewill,11/13/1930,sthornewillde@odnoklassniki.ru,Non-binary,2 Grover Hill
Alberik,Gummary,6/25/2016,agummarydf@webnode.com,Female,858 Thompson Plaza
Ginelle,Caldero,6/26/1945,gcalderodg@slate.com,Male,8 Nevada Terrace
Germain,Headech,11/22/1933,gheadechdh@facebook.com,,33 Nelson Road
Arman,Olner,11/2/1927,aolnerdi@i2i.jp,Agender,33413 Bashford Junction
Shannan,Sheers,6/29/1929,ssheersdj@biblegateway.com,Non-binary,11560 Warbler Avenue
Pall,Quene,7/2/2016,pquenedk@java.com,Bigender,339 Oakridge Hill
Abdul,Eggle,2/10/2015,aeggledl@deliciousdays.com,Non-binary,6 Grover Pass
,Janak,,hjanakdm@ask.com,Agender,01690 Goodland Pass
Jessee,Mercik,5/26/1990,jmercikdn@ebay.co.uk,,90864 Garrison Avenue
Kariotta,Yakubowicz,4/2/1966,,Female,4957 Bultman Center
Germayne,Louthe,7/2/1978,glouthedp@cnet.com,Genderfluid,9192 Northport Park
Othilie,Mucklow,4/20/1982,omucklowdq@psu.edu,,11 Jay Point
Terza,Correa,7/31/1956,tcorreadr@oaic.gov.au,Genderfluid,2 Stephen Alley
Delbert,Dyton,10/27/1922,ddytonds@fema.gov,Agender,11087 6th Road
Alisun,Corriea,10/28/2014,acorrieadt@tripod.com,Agender,5 Jana Way
Miriam,Euels,8/17/1978,meuelsdu@ucsd.edu,Genderqueer,64292 Jay Circle
Anita,Chillcot,4/22/1936,achillcotdv@sakura.ne.jp,Female,9 Vera Circle
Murielle,Doel,12/18/1923,mdoeldw@msu.edu,Polygender,31 Onsgard Parkway
Brenden,Oldacres,11/7/2020,boldacresdx@usda.gov,Genderfluid,2858 Monument Avenue
Deva,Gyrgorcewicx,2/26/1985,dgyrgorcewicxdy@livejournal.com,Bigender,900 Carey Parkway
Colet,Jachimiak,8/2/1950,cjachimiakdz@networksolutions.com,,023 John Wall Place
Red,Welchman,,rwelchmane0@google.com,Polygender,60871 Washington Crossing
Winnah,Alelsandrovich,8/19/1938,walelsandroviche1@ft.com,Bigender,524 Golf View Crossing
Heath,Curran,10/6/1993,hcurrane2@oracle.com,Female,67 Harper Avenue
Glenden,Gruby,1/24/1941,ggrubye3@unc.edu,Genderqueer,5 Upham Street
Noby,Elsley,4/6/1958,nelsleye4@fema.gov,Male,3 Colorado Circle
Roxi,De Lorenzo,3/28/1981,rdelorenzoe5@addthis.com,Male,84787 Grayhawk Drive
Madlen,Paiton,8/29/1923,mpaitone6@tripod.com,Female,3 Schurz Point
Clemmie,Rasp,1/25/1976,,Genderqueer,12 Mayfield Hill
Lucais,Zottoli,8/11/1945,lzottolie8@bizjournals.com,Agender,4029 Bunker Hill Lane
Saloma,Edmott,7/2/1920,sedmotte9@google.ru,Female,56 Packers Center
Rikki,Tomalin,9/3/1944,rtomalinea@dot.gov,Agender,0308 Blaine Trail
Murvyn,Barstock,3/7/1924,mbarstockeb@springer.com,,6050 Beilfuss Circle
Jo,Van der Baaren,1/15/2011,jvanderbaarenec@usgs.gov,Male,35 Corben Alley
Melodee,Sizeland,8/31/1975,msizelanded@deviantart.com,Bigender,84958 Michigan Point
Hobard,Vane,10/16/1920,hvaneee@a8.net,Polygender,0110 East Junction
Jaimie,Trevorrow,4/26/1973,jtrevorrowef@bing.com,Agender,5428 Dapin Center
Thorvald,Jurasek,10/12/2013,tjurasekeg@list-manage.com,Female,8116 Fallview Alley
Wilek,Follin,10/1/1956,wfollineh@fda.gov,Genderqueer,8333 Susan Road
Dick,Statham,4/28/1947,,Male,25616 Homewood Crossing
Krisha,Guisot,,kguisotej@unesco.org,Polygender,54010 Bunker Hill Terrace
Maddie,Mauger,,mmaugerek@hhs.gov,Polygender,307 Sachtjen Trail
Hewe,Radsdale,10/26/1981,hradsdaleel@dion.ne.jp,Genderfluid,01681 Porter Avenue
Cesya,Giacomucci,,,Genderqueer,10077 Warrior Center
Estrella,Manion,5/10/1964,emanionen@wufoo.com,Genderfluid,6291 Spenser Hill
Cecily,Davidowich,11/23/1921,cdavidowicheo@cbslocal.com,Non-binary,6 Bowman Hill
Etti,Gymblett,7/18/1989,egymblettep@youtube.com,Female,63446 Old Gate Place
Darcee,Artindale,6/7/1989,dartindaleeq@sogou.com,Female,84489 Bobwhite Place
Kelila,Rosenkrantz,12/26/2002,krosenkrantzer@slashdot.org,Genderfluid,60 Rigney Place
Davide,Stride,8/15/1939,dstridees@i2i.jp,Female,06306 Hoard Crossing
Davina,Carbine,12/5/2004,dcarbineet@devhub.com,Agender,92962 Kenwood Parkway
Anthea,Cleaver,12/12/2010,acleavereu@desdev.cn,Female,527 Schiller Pass
Tallie,Watkiss,,twatkissev@jugem.jp,Bigender,120 Hoard Point
Sol,Thexton,7/27/1934,sthextonew@accuweather.com,Female,2 Columbus Street
Melinde,Sorrie,7/27/1921,msorrieex@fda.gov,Genderqueer,8492 Carioca Lane
Marilin,Beningfield,11/27/2010,mbeningfieldey@edublogs.org,Male,814 Vidon Plaza
Ricoriki,Barkess,9/8/2014,rbarkessez@independent.co.uk,Genderfluid,8 Orin Way
Bogey,Lagde,10/22/1994,blagdef0@ucoz.com,Genderqueer,0587 Westerfield Park
Darcey,Buss,11/25/2005,dbussf1@washington.edu,Polygender,50553 Ramsey Place
Sibley,Domeney,4/15/2004,sdomeneyf2@ebay.co.uk,,69 Barnett Lane
Cam,Artindale,8/4/1960,,Bigender,254 Forest Dale Plaza
Gerhard,Winsley,8/17/1921,,Genderfluid,716 Village Way
Giustino,Cowlin,12/31/1922,gcowlinf5@samsung.com,Bigender,96686 Maple Wood Point
Stephana,Drexel,3/18/1972,sdrexelf6@tamu.edu,Bigender,48 High Crossing Hill
Viviyan,Celand,11/14/2014,vcelandf7@dot.gov,Genderqueer,7 Mendota Center
Bertine,Evequot,12/19/1951,bevequotf8@clickbank.net,Agender,0 Mccormick Way
Cori,Monaghan,1/5/2009,cmonaghanf9@bloglovin.com,,590 Eastlawn Crossing
Gael,Saunder,4/10/1994,gsaunderfa@psu.edu,Genderqueer,742 Atwood Avenue
Julius,Mapplethorpe,5/19/2020,jmapplethorpefb@altervista.org,Non-binary,9808 Beilfuss Center
Wendy,Kaplan,,wkaplanfc@youtube.com,Agender,37 Kim Hill
Hube,Deakins,1/10/1928,hdeakinsfd@mail.ru,Bigender,99835 Moose Hill
Chalmers,Satterthwaite,9/12/1978,csatterthwaitefe@prlog.org,,4 Birchwood Parkway
Winifield,Picot,1/1/1976,wpicotff@opera.com,,66 Donald Street
Derron,,8/18/2012,dmcinerneyfg@paypal.com,Genderqueer,78 Pierstorff Lane
Talia,McCandless,12/1/1985,tmccandlessfh@icq.com,Non-binary,
Corella,Gartell,,,Genderqueer,1 Springs Way
Kellyann,Birkenshaw,6/12/1993,kbirkenshawfj@about.com,Non-binary,87 Summerview Hill
Carlo,Giotto,8/11/1953,cgiottofk@facebook.com,Genderqueer,1294 Roxbury Court
Lorena,Hovey,8/11/1981,lhoveyfl@engadget.com,,71 Holy Cross Parkway
Joellyn,Minster,9/29/1924,jminsterfm@umich.edu,Male,12845 Butterfield Trail
Webb,Keddey,9/7/1924,wkeddeyfn@latimes.com,Agender,134 Arizona Place
Siegfried,Vaan,9/5/2004,svaanfo@51.la,Male,70678 Red Cloud Alley
Jeffrey,Daville,9/4/1967,jdavillefp@t.co,Bigender,67 David Lane
Johanna,,6/16/2009,jpowellfq@1und1.de,Female,04001 Killdeer Street
Yelena,Frugier,4/26/1996,,Genderqueer,584 Russell Center
Abagael,Flanders,7/30/2020,aflandersfs@timesonline.co.uk,Genderfluid,62223 Trailsway Trail
Kyrstin,Holson,3/21/2005,kholsonft@ft.com,,20118 Holy Cross Place
Raquela,,1/13/2008,rblountfu@youtu.be,,541 Dennis Park
Carilyn,Kilalea,8/26/1937,ckilaleafv@delicious.com,Bigender,45 Mesta Place
Robin,Pulfer,3/20/1932,rpulferfw@woothemes.com,Female,5454 Mccormick Terrace
Cortie,Hullock,11/28/2012,chullockfx@house.gov,Polygender,3 Paget Hill
Ruthanne,Severwright,9/29/2011,rseverwrightfy@hao123.com,Agender,3466 Bonner Terrace
Viviene,Carmen,,vcarmenfz@artisteer.com,Agender,97646 Myrtle Park
Nickie,MacGragh,2/21/1947,nmacgraghg0@uiuc.edu,Polygender,5 Golf Street
Keelby,Scotchforth,3/4/1936,kscotchforthg1@nytimes.com,Genderqueer,87888 Cordelia Alley
Lusa,Ruppel,3/10/1947,lruppelg2@yellowpages.com,Genderqueer,010 Sommers Lane
Glyn,Wetherburn,3/26/1992,gwetherburng3@goodreads.com,Bigender,535 Derek Avenue
Calley,Vercruysse,10/25/1945,cvercruysseg4@acquirethisname.com,Genderfluid,465 School Junction
Gaelan,Heaton,,,Non-binary,5952 Warner Trail
Velvet,Antonich,12/23/1926,vantonichg6@tripadvisor.com,Non-binary,475 Hansons Center
Cale,O'Brallaghan,1/7/1956,cobrallaghang7@sphinn.com,Non-binary,8194 7th Alley
Aline,Bocock,8/18/1972,abocockg8@skype.com,Male,406 New Castle Avenue
,Pagen,9/28/1950,cpageng9@huffingtonpost.com,,35327 Golf Course Trail
Meghan,Heild,4/11/1935,mheildga@phpbb.com,Polygender,114 International Road
Waylan,Bethel,1/13/2004,wbethelgb@simplemachines.org,,049 Oxford Circle
Jaymie,Cargo,12/12/1984,jcargogc@wiley.com,Polygender,08 Columbus Terrace
Riki,Shewen,12/11/1981,rshewengd@engadget.com,Polygender,3122 Summer Ridge Way
Rosetta,Barth,10/13/2006,rbarthge@abc.net.au,Bigender,53447 Lake View Point
Luce,McGraw,1/18/1994,lmcgrawgf@un.org,Female,20 West Hill
Eben,Swaite,2/15/1951,eswaitegg@twitpic.com,,631 Shasta Avenue
Jacquelynn,Elsworth,10/27/1959,jelsworthgh@weibo.com,Agender,294 Declaration Circle
Fania,Beesey,12/7/1965,fbeeseygi@discuz.net,Female,0134 Hayes Road
Marillin,Stannett,4/22/1947,,Male,36 8th Pass
Worth,Proback,10/19/1941,wprobackgk@yolasite.com,,7 Hovde Junction
Germaine,Hughman,9/16/1982,ghughmangl@weather.com,Genderqueer,
Josy,Fossord,10/14/1996,jfossordgm@qq.com,Female,
Jacinthe,Oganian,5/12/2008,joganiangn@answers.com,,6 Gale Alley
Kip,Seville,9/12/1977,ksevillego@cloudflare.com,Male,1762 Moose Road
Shae,Johnes,,sjohnesgp@biglobe.ne.jp,Male,297 Forest Parkway
,Avrahamoff,,davrahamoffgq@state.tx.us,Genderfluid,31759 Badeau Street
Billye,Broomhall,2/25/1929,bbroomhallgr@delicious.com,Non-binary,47211 Duke Alley
Kenyon,Stag,2/17/1970,kstaggs@surveymonkey.com,Bigender,9 Kings Plaza
Mickey,Sutlieff,,msutlieffgt@pinterest.com,Non-binary,69178 Drewry Place
Misty,Infantino,9/22/1924,minfantinogu@wikipedia.org,Genderfluid,66632 Green Ridge Pass
Morrie,Deppen,12/30/1946,mdeppengv@ameblo.jp,,6 Shelley Parkway
Joanne,Pallas,6/19/1927,jpallasgw@mapquest.com,Female,9102 Vera Plaza
Igor,Boam,5/7/2010,iboamgx@loc.gov,Polygender,5558 Londonderry Trail
Bald,Walkey,8/14/2009,bwalkeygy@ning.com,Genderqueer,638 Bartillon Crossing
Archie,Guitton,12/23/1970,aguittongz@so-net.ne.jp,Agender,2069 Sommers Circle
Cherin,McGeraghty,12/16/1998,cmcgeraghtyh0@nationalgeographic.com,,74465 Express Junction
Rianon,Boylan,9/20/1929,rboylanh1@wunderground.com,,75 Ridgeview Street
Mitch,Seymer,1/14/1951,mseymerh2@last.fm,Bigender,3 Pawling Plaza
Hugh,Pinniger,7/25/2019,hpinnigerh3@woothemes.com,Bigender,900 Buena Vista Plaza
,Jewis,9/15/1943,wjewish4@pagesperso-orange.fr,Genderfluid,8364 Westerfield Crossing
Elvyn,Humble,12/23/1975,ehumbleh5@archive.org,,77314 Main Drive
Standford,Kippen,6/29/1924,skippenh6@webeden.co.uk,,38260 Forster Alley
Jacquelyn,Laurenzi,1/5/1970,jlaurenzih7@arstechnica.com,,4276 Rieder Avenue
,Weston,2/21/1922,mwestonh8@networksolutions.com,,92358 Warner Court
Tuckie,Scourge,5/27/1986,tscourgeh9@ucoz.ru,Genderqueer,26 Algoma Crossing
Jennette,Willgoss,6/3/1939,jwillgossha@paginegialle.it,Polygender,615 Mosinee Center
Belia,Tollit,8/5/1956,btollithb@archive.org,Male,30 Kim Street
Marylinda,Lowndes,10/29/1971,,,5 Ramsey Crossing
Bud,MacUchadair,1/10/2010,,Female,1909 Crowley Court
Ivie,Hryniewicz,12/8/1926,ihryniewiczhe@simplemachines.org,Bigender,88 Vahlen Place
Alina,Breeton,5/9/1994,abreetonhf@apple.com,,374 Riverside Lane
Linoel,Bricknall,8/2/1949,lbricknallhg@state.tx.us,Genderqueer,310 Mosinee Drive
Doretta,Waulker,7/1/1945,,Agender,17 Scoville Place
Perkin,Clethro,8/22/1999,pclethrohi@chicagotribune.com,Genderfluid,
Gisela,Curnick,,gcurnickhj@prnewswire.com,,70708 Hallows Alley
Rochelle,Pilley,8/8/1985,rpilleyhk@prnewswire.com,Agender,5691 Boyd Lane
Rudolph,Swinney,4/24/1995,rswinneyhl@jalbum.net,Non-binary,679 High Crossing Park
Demetris,Kent,5/30/1962,dkenthm@hatena.ne.jp,Polygender,2020 Maryland Road
Byrom,Livezley,,blivezleyhn@list-manage.com,Bigender,76 Stone Corner Drive
Dianemarie,Hogbin,5/6/1966,dhogbinho@pen.io,Agender,1106 Menomonie Hill
Marieann,Snap,,msnaphp@biblegateway.com,Non-binary,6 Mayfield Junction
Dov,Brownbill,3/29/2006,dbrownbillhq@qq.com,Bigender,08549 Kennedy Street
Pam,Coggell,5/4/1934,pcoggellhr@shareasale.com,Male,2 Heath Crossing
Aurilia,Hinsche,5/22/1959,ahinschehs@bigcartel.com,Non-binary,3 Waubesa Hill
Aubrette,McElwee,4/15/2004,amcelweeht@prweb.com,Female,53 Delaware Drive
Linoel,Yuryshev,11/16/1927,lyuryshevhu@simplemachines.org,Agender,5 Myrtle Alley
Thorstein,Bolino,1/28/1996,tbolinohv@usgs.gov,Genderfluid,1196 Vahlen Avenue
Cybill,Lankham,1/30/2014,clankhamhw@engadget.com,Genderfluid,30477 Canary Avenue
Erma,Salan,4/27/1922,esalanhx@blog.com,Non-binary,8561 Lakeland Crossing
Megen,Dyte,3/23/1953,,Agender,94370 Veith Alley
Brandice,Cummine,5/1/1923,,Agender,13 Susan Parkway
Dell,Underdown,4/27/1938,dunderdowni0@seesaa.net,Bigender,73526 Starling Alley
Chad,Sinkin,4/1/1947,csinkini1@amazon.co.uk,Polygender,8 Cascade Alley
Rosalyn,Chumley,8/15/1948,,Female,82 Lien Plaza
Kati,Edinburgh,11/12/1939,kedinburghi3@yale.edu,,4 John Wall Pass
Jody,Jumonet,1/14/1995,jjumoneti4@gov.uk,,75 Butterfield Plaza
Ernie,Batistelli,1/31/2017,ebatistellii5@mapquest.com,Polygender,0850 Evergreen Crossing
Wendie,Heading,1/29/1942,wheadingi6@vk.com,Genderqueer,268 Kinsman Circle
Rosabel,Fidele,12/9/2005,rfidelei7@sciencedaily.com,Agender,0730 Eagan Junction
Amalee,Weatherdon,1/31/2010,aweatherdoni8@earthlink.net,Non-binary,6 Vahlen Pass
Ramsay,Sedgeworth,5/16/1955,rsedgeworthi9@blinklist.com,Female,4 Sutteridge Drive
Pollyanna,Pottage,3/30/1985,ppottageia@guardian.co.uk,Polygender,0 Gina Hill
Andrus,Nise,2/25/2000,aniseib@webs.com,,4214 Kenwood Hill
Mia,Cianelli,9/27/1998,mcianelliic@wired.com,,9 Kropf Street
Pierrette,Tolossi,1/21/2020,,Bigender,4 Schiller Crossing
Rockwell,Hateley,12/7/2015,rhateleyie@ocn.ne.jp,Bigender,4 Manufacturers Junction
Arlan,Fitzjohn,9/18/1926,afitzjohnif@si.edu,,08 North Hill
Merle,Nutley,6/12/1922,mnutleyig@nytimes.com,Genderqueer,4 Claremont Pass
Tabina,Copnall,3/9/1986,tcopnallih@163.com,Bigender,72987 Loftsgordon Street
Malena,Mynott,1/5/1941,mmynottii@hatena.ne.jp,,408 Delladonna Trail
Ahmad,Chumley,2/21/2001,achumleyij@state.tx.us,Polygender,30 Bonner Parkway
Denys,Carpmile,12/22/1975,dcarpmileik@bandcamp.com,Polygender,5715 Jay Lane
Helge,Arpur,6/29/1971,harpuril@oaic.gov.au,Genderqueer,860 Golf View Place
Gris,Mytton,5/14/1975,gmyttonim@surveymonkey.com,,55919 Ridgeway Avenue
Lucille,Leaves,5/2/1928,lleavesin@ezinearticles.com,Male,4 Burrows Pass
Milissent,Hembling,7/30/1927,mhemblingio@devhub.com,,043 Dexter Terrace
Robby,Waddams,4/21/1995,rwaddamsip@about.com,Polygender,160 Clyde Gallagher Place
Carroll,Corn,3/6/1975,ccorniq@bigcartel.com,Genderqueer,129 Farragut Road
Edd,Yurevich,,,Genderfluid,329 Jenna Point
Aline,Momery,9/7/1963,amomeryis@globo.com,Male,14493 Hansons Trail
Ellsworth,Plott,8/16/1924,eplottit@oaic.gov.au,Female,74 Rieder Drive
Jessie,Kervin,2/16/1921,jkerviniu@people.com.cn,Bigender,7 International Road
Derrik,Glencorse,6/8/1951,dglencorseiv@si.edu,Non-binary,91940 Armistice Plaza
Hanni,Seywood,7/19/1950,hseywoodiw@rakuten.co.jp,Female,19 Nevada Way
Lurlene,Pond,8/24/2020,lpondix@springer.com,Genderqueer,734 Golden Leaf Place
Gerik,Pink,8/31/1954,gpinkiy@jiathis.com,Male,8249 Buhler Circle
Linn,Coultass,,lcoultassiz@weibo.com,Agender,69 Debra Alley
Ardelis,Godilington,6/4/1939,agodilingtonj0@chron.com,Male,03487 Barnett Avenue
Bertie,Lenglet,1/31/1958,blengletj1@plala.or.jp,Female,
Kettie,Enevold,8/21/1990,,Bigender,569 Service Crossing
Roman,Kingh,,rkinghj3@twitter.com,Non-binary,2630 Declaration Avenue
Lawrence,McInerney,11/26/1921,lmcinerneyj4@aboutads.info,Bigender,61 Forest Run Pass
Zechariah,Iles,10/10/1986,zilesj5@csmonitor.com,Non-binary,05583 Debra Point
Willey,Kinney,2/3/2012,wkinneyj6@go.com,Non-binary,3767 Nelson Drive
Jasmin,Edards,7/24/1961,jedardsj7@china.com.cn,Female,110 Briar Crest Way
Donia,Banisch,2/15/1985,dbanischj8@apache.org,Female,3647 Annamark Park
Marline,De Blasiis,8/25/1996,mdeblasiisj9@auda.org.au,Genderqueer,21289 Esch Terrace
Isador,McClements,2/1/1985,imcclementsja@mozilla.com,Non-binary,0 Kings Avenue
Ardeen,Howkins,1/16/1959,ahowkinsjb@time.com,Non-binary,51673 Marcy Drive
Oralla,Dalgarno,11/29/1972,odalgarnojc@ovh.net,Agender,34480 Northwestern Terrace
Tommie,Sawyers,,tsawyersjd@stumbleupon.com,Polygender,87202 Sachs Trail
Jehanna,Axe,9/8/1924,jaxeje@blogger.com,Non-binary,245 School Plaza
Ingaborg,Girardengo,6/26/1948,igirardengojf@sciencedaily.com,Female,51148 International Hill
Kirby,Matley,7/25/1955,kmatleyjg@spiegel.de,Agender,06377 Hintze Trail
Lenore,Kybird,6/8/1984,lkybirdjh@hp.com,Agender,27 Anzinger Street
Gearalt,Procter,3/19/1958,gprocterji@microsoft.com,Bigender,90516 Melody Center
Gabe,Clair,11/27/1941,,,24165 Katie Plaza
Rosie,Alsopp,6/13/1991,,Bigender,96911 Elka Junction
Meriel,MacLaren,11/10/1979,mmaclarenjl@shinystat.com,Non-binary,00 Debs Plaza
Demetra,Stimpson,,dstimpsonjm@w3.org,Genderqueer,31615 Rigney Trail
,McCord,,mmccordjn@time.com,Polygender,5 Waywood Road
Dara,Hallums,4/22/1993,dhallumsjo@noaa.gov,Genderqueer,42 Trailsway Circle
Louis,Braune,,lbraunejp@myspace.com,Bigender,20 Sherman Parkway
Francois,Grieswood,1/11/1981,fgrieswoodjq@lycos.com,Female,52 Summerview Plaza
Jordan,Albery,4/4/1961,jalberyjr@bigcartel.com,Non-binary,45390 David Terrace
Don,Flecknell,2/18/1973,dflecknelljs@princeton.edu,,7 Manitowish Plaza
Davey,Barrowcliffe,3/19/2015,dbarrowcliffejt@eepurl.com,Male,497 Hayes Street
Alric,Medland,3/30/1970,amedlandju@marriott.com,Non-binary,7175 Weeping Birch Terrace
Irene,Olorenshaw,1/5/1998,iolorenshawjv@weather.com,,2409 Northfield Plaza
Christoph,Huddy,4/12/1997,chuddyjw@ft.com,Agender,5 Longview Place
Rurik,Dennerly,1/1/1997,rdennerlyjx@privacy.gov.au,Bigender,56 Macpherson Plaza
Carree,Jepperson,4/25/1962,cjeppersonjy@youtu.be,Female,20 Mockingbird Plaza
Wendall,Pottie,9/5/2009,wpottiejz@mapquest.com,Bigender,41 Express Lane
Ricoriki,Kee,9/10/1927,rkeek0@wisc.edu,Bigender,149 Forest Dale Road
Alissa,Langdon,6/5/1936,alangdonk1@businessinsider.com,Genderqueer,1201 Fordem Terrace
Lucias,McGaffey,11/16/1973,lmcgaffeyk2@over-blog.com,Male,007 Chive Parkway
Fowler,Seamark,2/9/1967,fseamarkk3@ycombinator.com,Agender,12 Upham Crossing
Milka,Janiak,5/30/1983,,Genderqueer,60645 Grayhawk Center
Gaby,Deniset,8/21/1960,,Polygender,5 Meadow Ridge Place
Harmony,Biggam,11/27/1956,hbiggamk6@vimeo.com,Polygender,6600 Alpine Place
Shannah,Carrivick,,scarrivickk7@sogou.com,Female,9 Vermont Trail
Stephine,Picken,8/20/1976,spickenk8@tinypic.com,Bigender,
Clive,Grunder,9/24/1964,cgrunderk9@twitter.com,Genderfluid,1971 Becker Way
Una,Hammerberger,,uhammerbergerka@chron.com,Genderfluid,19487 Pennsylvania Parkway
Terra,Mongeot,4/19/1963,tmongeotkb@fema.gov,Polygender,419 Granby Alley
Egon,Leggis,6/1/1948,eleggiskc@fda.gov,Polygender,74353 Hoepker Road
Leila,Ballam,8/1/1923,lballamkd@bbc.co.uk,Bigender,671 Lakeland Parkway
Ashby,Bernucci,12/9/1979,abernuccike@sina.com.cn,Genderfluid,7 Blue Bill Park Court
Bride,Osipenko,5/10/1978,bosipenkokf@ucoz.ru,,0 Waxwing Terrace
Blakeley,Pentlow,6/27/1947,bpentlowkg@dot.gov,Female,2 Lighthouse Bay Drive
Gabriella,Marvelley,10/11/1966,gmarvelleykh@unc.edu,Polygender,6326 South Trail
Alfonse,Kiddye,2/12/1965,akiddyeki@acquirethisname.com,Polygender,19597 Schurz Avenue
Miner,Ackerley,8/31/1936,mackerleykj@paginegialle.it,Male,09518 Randy Terrace
Elana,MacLise,3/20/1989,emaclisekk@mtv.com,Polygender,24199 Melvin Road
Clem,Crellim,9/1/1965,ccrellimkl@engadget.com,Female,2544 Farmco Park
Cherilynn,Dominetti,8/21/1998,cdominettikm@tamu.edu,Genderqueer,62 Oxford Avenue
Luise,Cleugher,,lcleugherkn@discuz.net,,12 Arrowood Alley
Andrey,Carn,4/4/1924,acarnko@admin.ch,Non-binary,3400 Del Mar Pass
Lindie,Gimenez,1/20/1972,lgimenezkp@is.gd,Male,4522 Little Fleur Junction
Jean,Kittoe,11/2/2014,jkittoekq@flavors.me,Male,289 Lakewood Gardens Crossing
Carlina,Coite,2/1/2000,ccoitekr@reuters.com,Non-binary,20620 Miller Lane
Aleta,Goulding,5/17/1991,agouldingks@state.tx.us,Female,05926 Washington Trail
Jobyna,Malser,11/22/1935,jmalserkt@tripadvisor.com,,4406 Hayes Terrace
Alvin,Lamberto,8/17/2009,alambertoku@virginia.edu,Bigender,84039 Thierer Crossing
Rodrique,McClintock,9/9/2006,rmcclintockkv@barnesandnoble.com,Female,4 Russell Parkway
Demetri,McQuarrie,7/8/2014,dmcquarriekw@w3.org,,53 Lotheville Center
Velma,Mussalli,8/11/2012,vmussallikx@nih.gov,Genderqueer,37 Fallview Center
Malva,Canas,10/18/1960,mcanasky@bluehost.com,,74552 8th Court
Ximenes,Geale,9/9/1989,xgealekz@simplemachines.org,Female,40 Victoria Plaza
Karlotta,Cadany,10/24/1964,kcadanyl0@nih.gov,Non-binary,18726 Petterle Center
,Ennever,12/21/1964,senneverl1@exblog.jp,Genderqueer,777 Fairfield Center
Sharia,Pickavant,7/22/1968,spickavantl2@jimdo.com,Non-binary,8156 Kings Plaza
Marielle,Arnout,6/18/2012,marnoutl3@51.la,Female,0389 Goodland Crossing
Edeline,Kendrick,3/8/1971,ekendrickl4@miibeian.gov.cn,Genderfluid,8557 Pankratz Alley
Babb,Huleatt,4/25/1941,,Bigender,4247 Moland Alley
Maegan,Sheilds,12/21/1965,msheildsl6@princeton.edu,Non-binary,2 Monument Junction
Thadeus,Kenna,9/27/2018,tkennal7@gravatar.com,,834 Dahle Court
Joice,Sabathier,3/3/1963,jsabathierl8@economist.com,Genderqueer,6953 Dayton Hill
Patrice,Lescop,8/30/1982,plescopl9@psu.edu,Bigender,1914 Springs Avenue
Clem,Falloon,8/18/1948,,Male,07 Atwood Plaza
Perry,Varns,9/3/1973,pvarnslb@europa.eu,Genderfluid,0 Manitowish Court
Ferrell,Lasslett,3/23/1937,flasslettlc@amazonaws.com,Male,3566 Cordelia Trail
Nappy,Harner,2/7/1984,nharnerld@cargocollective.com,Genderqueer,7 Sachtjen Pass
Blanca,Loughlin,8/1/2000,bloughlinle@nyu.edu,Bigender,1 Waywood Lane
Vernor,,11/12/1987,vgouldenlf@plala.or.jp,Genderqueer,072 Jana Court
Derby,Zima,3/20/1947,dzimalg@ameblo.jp,Polygender,980 Washington Way
Taber,Scroxton,6/15/1983,,Genderfluid,5857 Susan Place
Christophe,Senescall,9/14/2013,csenescallli@paypal.com,,04089 Lindbergh Trail
Stanley,Boake,2/4/1958,sboakelj@acquirethisname.com,Male,292 Summerview Avenue
Temple,Hingeley,9/8/1968,thingeleylk@paypal.com,Genderfluid,
Alayne,Stockwell,4/4/1946,astockwellll@woothemes.com,Agender,87330 Independence Place
Dugald,MacDirmid,10/10/1990,dmacdirmidlm@examiner.com,,09779 Gina Parkway
Keir,Mayor,7/16/1944,kmayorln@mashable.com,Agender,86146 Autumn Leaf Plaza
Sunny,Tiernan,12/14/2007,stiernanlo@delicious.com,Female,981 Lerdahl Place
Shell,Vlasyuk,10/8/1952,svlasyuklp@cocolog-nifty.com,Non-binary,50 Red Cloud Center
Lona,Tures,6/13/1959,ltureslq@skype.com,Agender,18 Dryden Circle
Guss,Doles,3/6/1933,gdoleslr@techcrunch.com,Polygender,545 Swallow Drive
Daryle,Siebert,11/3/1924,dsiebertls@elpais.com,Male,27326 Westridge Road
Francois,Helliker,6/28/1959,fhellikerlt@home.pl,Genderfluid,93 Eagan Center
Cart,Theze,10/12/1931,cthezelu@e-recht24.de,Male,406 Heath Crossing
Bernette,Mathewson,5/23/1930,bmathewsonlv@walmart.com,Male,47 Scoville Alley
Carlin,Clappison,5/25/2020,cclappisonlw@nih.gov,Genderfluid,38 Crowley Drive
Vite,Foxwell,11/6/1991,vfoxwelllx@yellowpages.com,Bigender,10 Daystar Lane
Kennan,Duncklee,11/13/1920,kdunckleely@adobe.com,Genderqueer,52 Marcy Road
Florri,Bastick,4/11/1995,fbasticklz@wix.com,Agender,32616 Corry Circle
Ivie,Perigeaux,9/30/1937,iperigeauxm0@nydailynews.com,Non-binary,41 Dayton Avenue
Sayer,Elph,9/15/2001,,Non-binary,73167 Menomonie Pass
Ikey,Elvey,7/8/1958,ielveym2@theatlantic.com,Agender,37 Holmberg Alley
Noemi,Scotchford,11/14/1943,nscotchfordm3@flavors.me,Bigender,2121 Sutherland Circle
Jodi,Goose,5/9/1995,jgoosem4@umich.edu,Male,9248 Corry Drive
Irwinn,Waddicor,6/16/1967,iwaddicorm5@biglobe.ne.jp,Genderfluid,12879 Acker Alley
Tressa,Ammer,12/11/1958,tammerm6@hc360.com,Agender,
Reid,Janman,5/13/2001,rjanmanm7@cargocollective.com,Agender,92841 Dawn Park
,Teale,5/27/1989,ptealem8@unc.edu,Male,1 Maryland Crossing
Jacquelynn,Scarbarrow,11/10/2011,jscarbarrowm9@ucsd.edu,,58 Donald Alley
Damaris,,1/28/1944,,Female,13 Morningstar Avenue
Vivian,Esland,6/22/1986,veslandmb@com.com,Polygender,6739 Moose Street
Alecia,Bontoft,2/18/1932,abontoftmc@deviantart.com,Genderqueer,32 Coleman Park
Nikki,Shallow,4/7/1963,,Bigender,967 Sachs Court
Sharlene,Capon,9/28/1969,scaponme@theguardian.com,Genderfluid,322 Stoughton Point
Niels,Rawcliff,5/17/1947,nrawcliffmf@patch.com,Non-binary,896 Wayridge Drive
Amelita,Frantzen,2/14/1992,afrantzenmg@phpbb.com,Non-binary,74110 Longview Junction
Jaimie,Stirzaker,9/1/1979,jstirzakermh@umich.edu,Polygender,902 Elgar Parkway
Gabie,Malsher,5/26/1983,gmalshermi@reference.com,Non-binary,685 Mccormick Way
Kalinda,,4/8/2016,kstiellmj@indiegogo.com,Non-binary,43275 Twin Pines Road
Ashely,Danilchenko,4/4/1929,adanilchenkomk@amazon.de,Non-binary,05 Talisman Point
,Curtain,10/23/1930,dcurtainml@xinhuanet.com,Genderfluid,2937 Summit Way
Jereme,Kelberman,8/7/1998,jkelbermanmm@aboutads.info,Genderqueer,68794 Havey Terrace
Donna,MacWhirter,6/6/1964,,Agender,645 Dayton Court
Son,Stutte,7/9/1973,sstuttemo@posterous.com,Genderfluid,937 Kensington Lane
Quinlan,Penhaleurack,1/12/1954,qpenhaleurackmp@homestead.com,Male,621 Loomis Crossing
Gallard,Moye,3/29/1966,gmoyemq@opera.com,Bigender,3 Mcguire Park
Camile,Piola,8/1/1998,cpiolamr@apple.com,Agender,655 Meadow Valley Avenue
Ailey,Muggeridge,2/13/1978,amuggeridgems@dmoz.org,Polygender,50 Charing Cross Trail
Elaine,McVane,9/10/1961,emcvanemt@wunderground.com,Polygender,0985 Roxbury Street
Abby,Ditter,5/28/1926,adittermu@psu.edu,Genderfluid,588 Clyde Gallagher Trail
Eudora,Lambertz,12/10/1960,elambertzmv@unicef.org,Female,378 Old Gate Place
Meyer,Rosoni,1/27/2020,mrosonimw@icq.com,,745 South Drive
Sukey,Goodisson,8/3/1970,,,7 Talisman Way
Jessamine,Duguid,3/23/1956,jduguidmy@sina.com.cn,Genderfluid,15015 Kropf Parkway
Corissa,Provest,10/7/1939,cprovestmz@samsung.com,Genderqueer,93 Farragut Pass
Dorelle,Astle,10/10/2000,dastlen0@uiuc.edu,Genderfluid,531 Center Way
Ivonne,Filippone,10/19/1995,ifilipponen1@sciencedirect.com,Genderfluid,1 Brentwood Avenue
Lelia,Betancourt,11/17/2010,lbetancourtn2@samsung.com,Female,73 Vermont Circle
Heath,Commuzzo,3/15/1928,hcommuzzon3@diigo.com,Female,43 Delladonna Alley
Lee,Kunzel,8/19/1954,lkunzeln4@feedburner.com,Female,9 Service Way
Nat,Tripe,6/20/1999,ntripen5@tmall.com,Genderqueer,221 Commercial Point
Mia,Dionisetti,11/16/2010,mdionisettin6@ameblo.jp,Bigender,0 Gateway Park
Cele,Goodsell,10/5/1979,cgoodselln7@umich.edu,Female,63866 Novick Center
Johnathon,Roggeman,9/23/2009,jroggemann8@miitbeian.gov.cn,Male,932 Gulseth Trail
Sigismundo,Spellissy,2/27/2000,sspellissyn9@ft.com,Female,887 Merrick Alley
Dougie,Dimitrie,7/21/1948,ddimitriena@oaic.gov.au,Genderqueer,5 Harper Place
Matthias,Cohr,5/9/1998,mcohrnb@sohu.com,Agender,0076 Scott Street
Veronika,Wass,11/25/1971,vwassnc@prlog.org,,60 Anhalt Trail
Quincey,Test,2/28/1942,qtestnd@usgs.gov,Polygender,0 Burning Wood Hill
Morgan,Westbrook,5/27/2010,mwestbrookne@marriott.com,Genderqueer,21 Fisk Park
Belicia,Skinley,7/4/1980,bskinleynf@t.co,Female,8 Jackson Street
Gabi,Darth,2/1/1945,gdarthng@drupal.org,Genderfluid,12176 Golf View Alley
Dolores,Rushbury,8/24/1980,drushburynh@furl.net,,08 Dwight Trail
Emmalee,Micah,3/23/1948,emicahni@liveinternet.ru,Genderqueer,21 Continental Way
Dorothea,Adamiak,5/11/2015,dadamiaknj@wisc.edu,Non-binary,550 Debra Circle
Vic,Carnegy,5/31/1991,vcarnegynk@google.fr,Female,4701 Logan Point
Veda,Moynihan,9/6/1999,vmoynihannl@pcworld.com,Genderqueer,06756 Cambridge Drive
Erl,Gullivent,8/21/2004,egulliventnm@state.gov,Genderfluid,95733 Marcy Drive
Lilllie,Ferminger,12/25/1966,lfermingernn@tinypic.com,Polygender,4 Scofield Terrace
Rorke,Dripps,8/26/2011,rdrippsno@sphinn.com,Male,0 Badeau Terrace
Fawnia,Feldmann,9/28/1924,,Non-binary,1957 Elmside Alley
Charline,Boylan,8/20/1989,cboylannq@ca.gov,Agender,50214 Kinsman Junction
Kaila,Espinoy,7/6/1932,kespinoynr@toplist.cz,Non-binary,1806 Stephen Junction
Tomasina,Curado,2/4/1960,tcuradons@independent.co.uk,Female,13998 Florence Pass
Geordie,Philcott,6/5/1930,gphilcottnt@google.com.au,,3961 Fulton Trail
Jacenta,O'Downe,9/23/2012,jodownenu@wunderground.com,Female,31954 Loeprich Court
Oona,Maffin,12/14/1971,omaffinnv@fda.gov,Non-binary,6 Lawn Circle
Pooh,Farrant,1/3/2017,pfarrantnw@mysql.com,Genderfluid,784 Melrose Center
Melina,Vlasenkov,10/14/1991,mvlasenkovnx@hubpages.com,Genderqueer,887 David Court
Anders,Winder,1/5/1936,awinderny@npr.org,Female,9634 Rigney Pass
Adella,Chazotte,10/5/1925,achazottenz@eventbrite.com,Genderfluid,2 Ramsey Road
Meagan,Hearons,11/7/1976,mhearonso0@list-manage.com,,73 Vernon Circle
Earvin,Jedrzaszkiewicz,11/19/2013,ejedrzaszkiewiczo1@ted.com,Genderfluid,5 Dorton Drive
Linc,Innett,10/6/2001,linnetto2@delicious.com,Genderqueer,3 Portage Crossing
Edward,Freckingham,4/26/1925,efreckinghamo3@t-online.de,Genderfluid,262 Waubesa Road
Ralph,Tooke,9/3/2000,rtookeo4@ustream.tv,Bigender,63 Corry Junction
,Barthram,12/31/2005,,Genderfluid,22212 Sachs Trail
Ingrid,Rowatt,4/25/1940,irowatto6@blinklist.com,Male,39046 Caliangt Pass
Carolann,Denisard,11/19/1988,cdenisardo7@rakuten.co.jp,,92495 Canary Park
Derick,Laise,,dlaiseo8@bing.com,Agender,77223 Lindbergh Plaza
Nissie,Donat,3/18/2018,ndonato9@gmpg.org,Male,36094 Namekagon Lane
Leon,Dabell,1/21/1982,ldabelloa@weebly.com,Polygender,5232 Springview Drive
Samuele,Persich,11/15/1954,,Male,36396 Heath Center
Shirley,Kegley,10/18/2014,skegleyoc@woothemes.com,Genderqueer,1683 Hagan Avenue
,Labusch,6/8/1992,nlabuschod@shinystat.com,Non-binary,9 Toban Junction
Garland,Feldstern,4/14/1995,gfeldsternoe@reference.com,Bigender,1515 Duke Terrace
Bryanty,Crake,,bcrakeof@weebly.com,,7599 Mariners Cove Parkway
Barbee,Hyett,4/28/2015,bhyettog@china.com.cn,,3 Dawn Hill
Truman,Dobrovolny,11/9/1936,tdobrovolnyoh@engadget.com,Genderqueer,13811 Claremont Drive
Ely,Cawthra,4/19/1956,ecawthraoi@fema.gov,Bigender,501 Old Shore Place
Jesus,Prandy,4/30/1937,jprandyoj@forbes.com,Agender,6 Birchwood Hill
Vassily,Huggard,1/14/1967,vhuggardok@hatena.ne.jp,,13 Paget Alley
Kevon,Pobjoy,11/28/1956,kpobjoyol@phoca.cz,,5848 Granby Alley
Marla,Clough,7/19/2017,mcloughom@wp.com,Agender,5 Monument Plaza
Brewster,Haitlie,9/18/1930,bhaitlieon@lulu.com,Non-binary,09 Lakewood Gardens Circle
Kessiah,Mordin,7/9/1978,kmordinoo@4shared.com,,2307 Sunfield Parkway
Raquel,Rolfo,5/17/1962,rrolfoop@dion.ne.jp,Polygender,8301 Norway Maple Drive
Elroy,,11/27/1983,ebourgeoisoq@moonfruit.com,Agender,06 Burrows Park
Guilbert,Rothchild,3/29/1964,grothchildor@dot.gov,Non-binary,75 Ruskin Trail
Karrie,Pietruszka,6/8/1953,kpietruszkaos@godaddy.com,Female,2 Veith Point
Sherrie,Ivakhnov,9/28/1990,sivakhnovot@icio.us,Genderqueer,425 West Pass
Anders,Batstone,2/29/1980,,,60811 Quincy Center
Kaspar,Fossord,5/1/1998,kfossordov@tmall.com,Agender,099 Bay Pass
Ilse,Greenside,1/3/1959,igreensideow@fastcompany.com,Genderqueer,0992 Lyons Pass
Benoite,Kenrat,5/14/1936,bkenratox@ycombinator.com,Agender,1258 Comanche Road
Ange,Reuter,8/20/1955,areuteroy@fda.gov,Non-binary,9549 Waxwing Parkway
Garrot,Perigoe,9/25/1993,gperigoeoz@google.com.br,Non-binary,52 Fisk Junction
Adda,Manchester,8/22/1951,,Agender,4308 Luster Junction
Paulie,Doog,1/5/1931,pdoogp1@webnode.com,Agender,82402 Dahle Alley
Wallas,Windaybank,11/25/1954,wwindaybankp2@unicef.org,Genderqueer,
Edwin,MacShirie,1/28/2020,emacshiriep3@abc.net.au,Genderqueer,8875 Hanson Center
Geraldine,Flacke,,gflackep4@usnews.com,Genderqueer,24594 Redwing Avenue
Lyon,Drains,8/16/1973,ldrainsp5@rediff.com,Polygender,51 Lyons Point
Kev,Poore,,kpoorep6@phoca.cz,Female,8912 Schlimgen Pass
Tami,Faircley,11/29/1976,tfaircleyp7@nationalgeographic.com,Genderqueer,40833 Vidon Avenue
Leola,Moston,3/14/1963,,Agender,46 Bowman Hill
Ulises,Gail,,ugailp9@tinypic.com,,47954 Katie Center
Caralie,Hruska,9/15/1963,,Genderfluid,6 Steensland Street
Myriam,Latey,11/11/1943,mlateypb@usgs.gov,,275 Lawn Crossing
,Urch,7/20/2006,murchpc@barnesandnoble.com,Female,115 Village Green Road
Katleen,Inger,9/4/1932,kingerpd@unc.edu,Polygender,91 Heffernan Hill
Ailina,Sollowaye,1/1/1945,asollowayepe@acquirethisname.com,Female,27 Haas Drive
Norma,Gormley,5/30/1948,ngormleypf@bizjournals.com,Genderqueer,9897 Moulton Court
Jean,Akram,8/26/1957,jakrampg@homestead.com,Polygender,1 Mayer Road
Forbes,Palphreyman,4/3/2009,fpalphreymanph@sogou.com,Non-binary,6222 Leroy Terrace
Malory,Matys,5/30/2000,mmatyspi@un.org,Agender,1 8th Avenue
Morry,Moorcraft,9/30/2014,mmoorcraftpj@ucoz.com,Polygender,365 Rockefeller Place
Rosemarie,Ladlow,,rladlowpk@lycos.com,Polygender,501 Bultman Crossing
,Matcham,2/25/1928,rmatchampl@bandcamp.com,Genderfluid,1 Kennedy Trail
Lemuel,Briers,,lbrierspm@dyndns.org,Genderfluid,611 Petterle Alley
Vinita,Hillum,,vhillumpn@hexun.com,Genderqueer,7 Declaration Hill
Lannie,Needs,1/9/1988,lneedspo@youtu.be,Bigender,6012 Chinook Junction
Alphonse,ducarme,10/27/1998,aducarmepp@unesco.org,Genderqueer,07 Dahle Point
Adella,Krink,11/11/1981,akrinkpq@unblog.fr,Bigender,841 Delaware Pass
Sax,Pinfold,9/13/1934,,,85137 Golf View Court
Raff,Cremins,7/22/1967,rcreminsps@1688.com,Male,1 Stuart Court
Spense,Sponer,,ssponerpt@google.com.hk,Agender,69 Fisk Park
Octavia,Ffrench,,offrenchpu@macromedia.com,Female,6 Southridge Park
,Crommett,7/30/1956,ncrommettpv@fc2.com,Agender,5 Glendale Circle
Leonardo,Sollner,2/19/2013,lsollnerpw@ebay.com,Female,099 Stuart Plaza
Penelope,Giamitti,10/26/1985,pgiamittipx@hud.gov,Female,29 Granby Alley
Ingaborg,Dingle,2/5/1935,idinglepy@issuu.com,Non-binary,7141 Brentwood Center
Wiley,,10/15/1940,wfreerpz@usatoday.com,Genderqueer,524 High Crossing Hill
Fidelity,Lutton,7/25/1987,fluttonq0@dell.com,Non-binary,86204 Declaration Circle
Zora,Harle,4/28/2020,zharleq1@yahoo.com,Male,99057 Barnett Lane
Phylys,Coggan,,pcogganq2@aol.com,,92 Mayer Circle
Gunilla,Ferronier,6/18/1984,gferronierq3@earthlink.net,Polygender,2542 Carioca Hill
Humphrey,Verity,5/25/1937,hverityq4@eepurl.com,Non-binary,365 Hagan Court
Shaylynn,Bultitude,,sbultitudeq5@angelfire.com,Genderqueer,3 Southridge Drive
Isaac,Pohlak,12/29/1931,ipohlakq6@angelfire.com,Male,00 Hudson Circle
Michele,Jeffress,9/15/1973,mjeffressq7@cargocollective.com,Agender,295 Harper Avenue
Colver,Walkey,4/19/1926,cwalkeyq8@qq.com,Non-binary,02 Bunting Plaza
Florri,Ranscombe,8/19/1930,franscombeq9@npr.org,Polygender,4391 Gale Way
Palm,Gamble,1/26/1951,pgambleqa@biblegateway.com,,814 Farragut Pass
Dillie,Abad,4/17/1973,dabadqb@prnewswire.com,Bigender,67070 Paget Lane
Griff,Segot,12/23/1981,gsegotqc@blogs.com,Agender,8837 Vernon Place
Johannah,Canero,2/1/1935,jcaneroqd@ask.com,Bigender,7 Meadow Ridge Court
Candice,Verheijden,1/21/1996,cverheijdenqe@washington.edu,Genderqueer,973 Prairie Rose Plaza
Laverne,Crawford,10/12/1963,lcrawfordqf@senate.gov,Agender,908 Cascade Junction
Merla,Northcliffe,3/23/1947,mnorthcliffeqg@geocities.jp,Agender,2205 Hooker Plaza
Helaina,Ardley,6/14/1938,hardleyqh@nsw.gov.au,Polygender,6 Eliot Place
Margette,Charer,12/11/1936,mcharerqi@narod.ru,,9837 Vera Drive
Katti,Geeraert,3/30/1998,kgeeraertqj@tinyurl.com,,021 Crowley Circle
Aguie,Aire,7/10/1985,aaireqk@rambler.ru,Polygender,33218 Pine View Center
Poul,Richt,11/22/1966,prichtql@nydailynews.com,Genderfluid,85 Fremont Way
Juliana,Silbersak,9/29/1949,jsilbersakqm@gizmodo.com,Agender,42 Sunbrook Park
Tedda,Debrett,10/28/1986,tdebrettqn@elegantthemes.com,Agender,9911 Harbort Junction
Cristabel,MacVean,2/3/1975,cmacveanqo@telegraph.co.uk,Male,775 Sutteridge Lane
Cortney,Nutty,8/6/1987,cnuttyqp@indiegogo.com,Genderfluid,59141 Talmadge Avenue
Iggie,Ovitz,8/13/1949,iovitzqq@msu.edu,Polygender,61 Linden Alley
Joli,Glentz,,jglentzqr@hubpages.com,,3 Drewry Center
Essa,Buckby,2/27/1966,ebuckbyqs@theglobeandmail.com,Genderqueer,63 Anniversary Center
Engelbert,Mewes,7/26/1970,emewesqt@discovery.com,Female,0831 Summit Junction
Avie,Golling,,agollingqu@aboutads.info,Male,28 Drewry Point
Teddie,Ivanisov,3/23/1925,tivanisovqv@slideshare.net,Genderqueer,885 Killdeer Avenue
Ransell,Week,9/4/1961,rweekqw@yellowpages.com,Non-binary,41041 Lotheville Circle
Avivah,Kingswell,4/10/1921,akingswellqx@wikispaces.com,Non-binary,70 Kedzie Circle
Frederich,Ozelton,4/6/2017,fozeltonqy@facebook.com,Male,9759 Dixon Hill
Deanna,Zanotti,8/16/1949,dzanottiqz@sourceforge.net,,13 Oriole Crossing
Neda,Blakiston,3/18/1956,nblakistonr0@cornell.edu,Genderfluid,6 Waxwing Center
Victor,Capstaff,5/19/1987,vcapstaffr1@globo.com,Polygender,004 Randy Pass
Alvis,Brauns,1/25/2005,abraunsr2@pinterest.com,Male,70330 Donald Plaza
Kirstin,Rigg,7/30/1939,kriggr3@loc.gov,Genderqueer,69 Roxbury Point
Dallis,Quinnette,1/26/2016,dquinnetter4@meetup.com,Genderqueer,962 Ronald Regan Plaza
Cate,Winyard,3/20/1958,cwinyardr5@bloglines.com,Bigender,761 Golf Crossing
Ada,Dutnall,9/15/1959,adutnallr6@yellowpages.com,Genderqueer,767 Susan Terrace
Mahalia,Maskelyne,12/22/2007,mmaskelyner7@jimdo.com,Polygender,796 Toban Park
Shem,Iacovini,8/21/1938,siacovinir8@imageshack.us,Polygender,12937 Sage Pass
Haskel,Chalcroft,9/18/1948,hchalcroftr9@census.gov,Agender,7 Superior Pass
King,Zamorano,5/15/2002,kzamoranora@msn.com,Female,5 Green Ridge Center
,Roughan,9/12/2008,aroughanrb@livejournal.com,Genderqueer,88 Jana Trail
Sallie,Bellord,,sbellordrc@github.com,Polygender,00 Dennis Crossing
Ethelin,Beneze,1/5/1997,ebenezerd@baidu.com,Non-binary,97 Gerald Point
Rees,Luther,9/23/1958,rlutherre@ovh.net,Genderfluid,33 Memorial Alley
Nyssa,Pounsett,8/15/2001,npounsettrf@adobe.com,Polygender,13 Derek Way
Kerri,Elsop,2/3/1968,kelsoprg@gov.uk,Male,467 Pond Parkway
Coral,Coogan,9/25/1978,ccooganrh@dropbox.com,Male,42 Marquette Way
Barnabe,Ricarde,,bricarderi@cnbc.com,Non-binary,49633 Buell Lane
Lucretia,Waddams,10/11/1956,lwaddamsrj@washingtonpost.com,Polygender,98166 Novick Center
Melody,Garfit,11/4/1961,mgarfitrk@parallels.com,Male,
Jeanelle,Melwall,4/8/2013,jmelwallrl@theatlantic.com,Genderqueer,62 Mcguire Court
Dana,Oleszcuk,6/7/2010,,Genderfluid,3252 Dexter Avenue
Adrianna,Marcome,10/28/2001,amarcomern@webs.com,,02 Almo Crossing
,Moscrop,2/6/1975,cmoscropro@bigcartel.com,Genderfluid,65 Bowman Alley
Donetta,Grunguer,1/16/1948,dgrunguerrp@unblog.fr,Male,110 Redwing Place
,Espino,7/23/1944,cespinorq@scientificamerican.com,Male,6 Maple Wood Junction
Erin,Lanon,2/22/1999,elanonrr@hibu.com,Male,210 Washington Junction
